{
  "report_metadata": {
    "generated_at": "2025-10-26T15:48:49.104446",
    "data_source": "combined_processed.csv",
    "total_documents_analyzed": 19204
  },
  "basic_statistics": {},
  "temporal_analysis": {
    "posts_by_month": {
      "2020-01": 4,
      "2020-09": 12,
      "2020-12": 3,
      "2021-03": 21,
      "2021-06": 38,
      "2021-07": 8,
      "2021-08": 1,
      "2021-09": 15,
      "2021-10": 9,
      "2021-11": 4,
      "2021-12": 2,
      "2022-01": 11,
      "2022-02": 19,
      "2022-03": 41,
      "2022-04": 40,
      "2022-05": 64,
      "2022-06": 39,
      "2022-07": 36,
      "2022-08": 45,
      "2022-09": 96,
      "2022-10": 39,
      "2022-11": 98,
      "2022-12": 146,
      "2023-01": 173,
      "2023-02": 183,
      "2023-03": 302,
      "2023-04": 345,
      "2023-05": 455,
      "2023-06": 390,
      "2023-07": 368,
      "2023-08": 274,
      "2023-09": 318,
      "2023-10": 331,
      "2023-11": 237,
      "2023-12": 171,
      "2024-01": 270,
      "2024-02": 426,
      "2024-03": 653,
      "2024-04": 491,
      "2024-05": 540,
      "2024-06": 423,
      "2024-07": 631,
      "2024-08": 714,
      "2024-09": 815,
      "2024-10": 731,
      "2024-11": 696,
      "2024-12": 535,
      "2025-01": 757,
      "2025-02": 539,
      "2025-03": 751,
      "2025-04": 551,
      "2025-05": 1095,
      "2025-06": 945,
      "2025-07": 912,
      "2025-08": 838,
      "2025-09": 732,
      "2025-10": 821
    },
    "most_active_month": "2025-05",
    "max_posts_in_month": 1095,
    "least_active_month": "2021-08",
    "min_posts_in_month": 1
  },
  "vocabulary": {
    "total_tokens": 671865,
    "unique_tokens": 16760,
    "vocabulary_richness": 0.02494548756074509,
    "top_50_words": [
      [
        "weight",
        9691
      ],
      [
        "get",
        8896
      ],
      [
        "eat",
        7578
      ],
      [
        "lose",
        7021
      ],
      [
        "take",
        5984
      ],
      [
        "like",
        5945
      ],
      [
        "ozempic",
        5412
      ],
      [
        "start",
        5347
      ],
      [
        "feel",
        4707
      ],
      [
        "work",
        4441
      ],
      [
        "make",
        4380
      ],
      [
        "food",
        4170
      ],
      [
        "people",
        4026
      ],
      [
        "well",
        3827
      ],
      [
        "time",
        3786
      ],
      [
        "also",
        3704
      ],
      [
        "help",
        3541
      ],
      [
        "good",
        3535
      ],
      [
        "want",
        3534
      ],
      [
        "think",
        3447
      ],
      [
        "try",
        3431
      ],
      [
        "loss",
        3358
      ],
      [
        "much",
        3330
      ],
      [
        "need",
        3297
      ],
      [
        "would",
        3216
      ],
      [
        "know",
        3205
      ],
      [
        "one",
        3197
      ],
      [
        "year",
        3163
      ],
      [
        "use",
        3148
      ],
      [
        "dose",
        3025
      ],
      [
        "say",
        3021
      ],
      [
        "see",
        2995
      ],
      [
        "calorie",
        2992
      ],
      [
        "doctor",
        2822
      ],
      [
        "thing",
        2794
      ],
      [
        "still",
        2732
      ],
      [
        "really",
        2722
      ],
      [
        "back",
        2708
      ],
      [
        "semaglutide",
        2698
      ],
      [
        "effect",
        2646
      ],
      [
        "medication",
        2610
      ],
      [
        "even",
        2544
      ],
      [
        "first",
        2428
      ],
      [
        "side",
        2387
      ],
      [
        "lot",
        2338
      ],
      [
        "way",
        2306
      ],
      [
        "change",
        2299
      ],
      [
        "body",
        2216
      ],
      [
        "diet",
        2201
      ],
      [
        "keep",
        2146
      ]
    ],