{
  "report_metadata": {
    "generated_at": "2025-10-27T21:15:08.357662",
    "data_source": "combined_processed.csv",
    "total_documents_analyzed": 23405
  },
  "basic_statistics": {},
  "temporal_analysis": {
    "posts_by_month": {
      "2019-03": 14,
      "2020-01": 6,
      "2020-02": 27,
      "2020-03": 5,
      "2020-05": 52,
      "2020-06": 139,
      "2020-07": 85,
      "2020-08": 72,
      "2020-09": 130,
      "2020-10": 137,
      "2020-11": 66,
      "2020-12": 287,
      "2021-01": 198,
      "2021-02": 76,
      "2021-03": 101,
      "2021-04": 270,
      "2021-05": 108,
      "2021-06": 75,
      "2021-07": 90,
      "2021-08": 56,
      "2021-09": 10,
      "2021-10": 46,
      "2021-11": 27,
      "2021-12": 17,
      "2022-01": 55,
      "2022-02": 24,
      "2022-03": 11,
      "2022-04": 200,
      "2022-05": 21,
      "2022-06": 10,
      "2022-07": 93,
      "2022-08": 85,
      "2022-09": 84,
      "2022-10": 84,
      "2022-11": 71,
      "2022-12": 110,
      "2023-01": 169,
      "2023-02": 244,
      "2023-03": 157,
      "2023-04": 254,
      "2023-05": 256,
      "2023-06": 517,
      "2023-07": 157,
      "2023-08": 189,
      "2023-09": 49,
      "2023-10": 122,
      "2023-11": 61,
      "2023-12": 161,
      "2024-01": 118,
      "2024-02": 136,
      "2024-03": 570,
      "2024-04": 336,
      "2024-05": 384,
      "2024-06": 348,
      "2024-07": 396,
      "2024-08": 363,
      "2024-09": 754,
      "2024-10": 785,
      "2024-11": 493,
      "2024-12": 789,
      "2025-01": 978,
      "2025-02": 589,
      "2025-03": 1006,
      "2025-04": 874,
      "2025-05": 975,
      "2025-06": 1035,
      "2025-07": 733,
      "2025-08": 675,
      "2025-09": 495,
      "2025-10": 5295
    },
    "most_active_month": "2025-10",
    "max_posts_in_month": 5295,
    "least_active_month": "2020-03",
    "min_posts_in_month": 5
  },
  "vocabulary": {
    "total_tokens": 733369,
    "unique_tokens": 17987,
    "vocabulary_richness": 0.024526534391281878,
    "top_50_words": [
      [
        "weight",
        10108
      ],
      [
        "get",
        9583
      ],
      [
        "eat",
        7883
      ],
      [
        "like",
        7154
      ],
      [
        "lose",
        7009
      ],
      [
        "start",
        5887
      ],
      [
        "feel",
        5317
      ],
      [
        "take",
        5200
      ],
      [
        "make",
        4999
      ],
      [
        "work",
        4653
      ],
      [
        "time",
        4370
      ],
      [
        "food",
        4289
      ],
      [
        "good",
        4260
      ],
      [
        "look",
        4197
      ],
      [
        "well",
        4112
      ],
      [
        "people",
        4031
      ],
      [
        "want",
        3979
      ],
      [
        "much",
        3959
      ],
      [
        "also",
        3906
      ],
      [
        "think",
        3867
      ],
      [
        "see",
        3577
      ],
      [
        "know",
        3574
      ],
      [
        "one",
        3546
      ],
      [
        "try",
        3523
      ],
      [
        "year",
        3493
      ],
      [
        "help",
        3432
      ],
      [
        "need",
        3417
      ],
      [
        "really",
        3231
      ],
      [
        "loss",
        3228
      ],
      [
        "would",
        3223
      ],
      [
        "say",
        3221
      ],
      [
        "use",
        3189
      ],
      [
        "calorie",
        3180
      ],
      [
        "thing",
        3170
      ],
      [
        "body",
        2901
      ],
      [
        "still",
        2898
      ],
      [
        "keep",
        2831
      ],
      [
        "even",
        2824
      ],
      [
        "back",
        2793
      ],
      [
        "lot",
        2678
      ],
      [
        "way",
        2595
      ],
      [
        "semaglutide",
        2580
      ],
      [
        "change",
        2498
      ],
      [
        "first",
        2491
      ],
      [
        "ozempic",
        2461
      ],
      [
        "thank",
        2415
      ],
      [
        "diet",
        2361
      ],
      [
        "dose",
        2292
      ],
      [
        "great",
        2177
      ],
      [
        "long",
        2172
      ]
    ],