{
  "report_metadata": {
    "generated_at": "2025-10-26T15:55:48.217733",
    "best_num_topics": 5,
    "best_coherence_score": 0.4377366234233674,
    "total_documents": 19204,
    "vocabulary_size": 5607
  },
  "model_parameters": {
    "passes": 10,
    "iterations": 400,
    "min_df": 5,
    "max_df": 0.7,
    "alpha": "auto",
    "eta": "auto"
  },
  "coherence_comparison": {
    "5": 0.4377366234233674,
    "7": 0.40064948982371834,
    "10": 0.3582159152647587
  },
  "topics": [
    {
      "topic_id": 0,
      "topic_label": "Topic 0: endo, jardiance, rybelsus",
      "top_words": [
        "endo",
        "jardiance",
        "rybelsus",
        "hour",
        "pee",
        "dosage",
        "pill",
        "three",
        "watch",
        "diarrhea",
        "wait",
        "prime",
        "stress",
        "process",
        "mention",
        "store",
        "hospital",
        "potato",
        "eye",
        "appointment"
      ],
      "word_probabilities": [
        0.03441036492586136,
        0.0337626077234745,
        0.033429328352212906,
        0.031008509919047356,
        0.016141653060913086,
        0.015845170244574547,
        0.015732895582914352,
        0.014405050314962864,
        0.012572623789310455,
        0.012026464566588402,
        0.011628531850874424,
        0.011558400467038155,
        0.010870348662137985,
        0.009882789105176926,
        0.00875101238489151,
        0.008201376534998417,
        0.007968330755829811,
        0.00786720123142004,
        0.007543342653661966,
        0.007471766322851181
      ],
      "top_10_words": "endo, jardiance, rybelsus, hour, pee, dosage, pill, three, watch, diarrhea"
    },
    {
      "topic_id": 1,
      "topic_label": "Topic 1: weight, get, ozempic",
      "top_words": [
        "weight",
        "get",
        "ozempic",
        "take",
        "insulin",
        "good",
        "would",
        "doctor",
        "well",
        "work",
        "lose",
        "metformin",
        "need",
        "know",
        "year",
        "blood",
        "one",
        "also",
        "see",
        "say"
      ],
      "word_probabilities": [
        0.019000213593244553,
        0.014907014556229115,
        0.01307118870317936,
        0.01231502927839756,
        0.012068250216543674,
        0.012030699290335178,
        0.011822857894003391,
        0.011092363856732845,
        0.010973043739795685,
        0.010828432627022266,
        0.010771320201456547,
        0.010686476714909077,
        0.010483725927770138,
        0.010402041487395763,
        0.009884531609714031,
        0.009767971001565456,
        0.009400890208780766,
        0.00923618208616972,
        0.009066070429980755,
        0.008763879537582397
      ],
      "top_10_words": "weight, get, ozempic, take, insulin, good, would, doctor, well, work"
    },
    {
      "topic_id": 2,
      "topic_label": "Topic 2: insurance, ozempic, trulicity",
      "top_words": [
        "insurance",
        "ozempic",
        "trulicity",
        "use",
        "doctor",
        "pay",
        "cover",
        "get",
        "cheap",
        "prescribe",
        "drug",
        "pharmacy",
        "expensive",
        "diabetes",
        "produce",
        "diagnosis",
        "pen",
        "wegovy",
        "cgm",
        "company"
      ],
      "word_probabilities": [
        0.04784144088625908,
        0.02241145819425583,
        0.01950889639556408,
        0.018592501059174538,
        0.018512478098273277,
        0.01816270500421524,
        0.016838472336530685,
        0.015482857823371887,
        0.014221109449863434,
        0.013513915240764618,
        0.013129896484315395,
        0.012232172302901745,
        0.011333096772432327,
        0.01105467602610588,
        0.010924548842012882,
        0.010691839270293713,
        0.01058054156601429,
        0.010153400711715221,
        0.010045526549220085,
        0.009679391048848629
      ],
      "top_10_words": "insurance, ozempic, trulicity, use, doctor, pay, cover, get, cheap, prescribe"
    },
    {
      "topic_id": 3,
      "topic_label": "Topic 3: eat, carb, get",
      "top_words": [
        "eat",
        "carb",
        "get",
        "sugar",
        "start",
        "like",
        "low",
        "feel",
        "food",
        "effect",
        "side",
        "mounjaro",
        "take",
        "time",
        "dose",
        "much",
        "first",
        "meal",
        "still",
        "make"
      ],
      "word_probabilities": [
        0.0311735887080431,
        0.01870517060160637,
        0.01804123818874359,
        0.017074672505259514,
        0.0165559034794569,
        0.015026397071778774,
        0.014590269885957241,
        0.013958732597529888,
        0.013468900695443153,
        0.012622407637536526,
        0.011560305021703243,
        0.010212902911007404,
        0.009682527743279934,
        0.009635214693844318,
        0.009605096653103828,
        0.009068991988897324,
        0.008685415610671043,
        0.007999209687113762,
        0.007690360303968191,
        0.00766816595569253
      ],
      "top_10_words": "eat, carb, get, sugar, start, like, low, feel, food, effect"
    },
    {
      "topic_id": 4,
      "topic_label": "Topic 4: positive, glp, question",
      "top_words": [
        "positive",
        "glp",
        "question",
        "include",
        "please",
        "response",
        "semaglutide",
        "non",
        "respond",
        "offer",
        "state",
        "concern",
        "thank",
        "mental",
        "standard",
        "supplement",
        "physical",
        "action",
        "may",
        "sub"
      ],
      "word_probabilities": [
        0.04033913090825081,
        0.036354292184114456,
        0.033616162836551666,
        0.02633034810423851,
        0.023313798010349274,
        0.021399162709712982,
        0.021002139896154404,
        0.020822949707508087,
        0.017328888177871704,
        0.017281549051404,
        0.01646175980567932,
        0.01613740436732769,
        0.014706927351653576,
        0.014189313165843487,
        0.013333887793123722,
        0.013306668028235435,
        0.012685037218034267,
        0.011764599941670895,
        0.011742740869522095,
        0.011046210303902626
      ],
      "top_10_words": "positive, glp, question, include, please, response, semaglutide, non, respond, offer"
    }
  ],
  "topic_distribution": {
    "0": 5,
    "1": 13099,
    "2": 462,
    "3": 5259,
    "4": 379
  },
  "topic_interpretations": [
    {
      "topic_id": 0,
      "interpretation": "General Discussion",
      "top_words": "endo, jardiance, rybelsus, hour, pee, dosage, pill, three, watch, diarrhea"
    },
    {
      "topic_id": 1,
      "interpretation": "Medication Dosage and Usage",
      "top_words": "weight, get, ozempic, take, insulin, good, would, doctor, well, work"
    },
    {
      "topic_id": 2,
      "interpretation": "Medical Consultation and Access",
      "top_words": "insurance, ozempic, trulicity, use, doctor, pay, cover, get, cheap, prescribe"
    },
    {
      "topic_id": 3,
      "interpretation": "Diet and Eating Habits",
      "top_words": "eat, carb, get, sugar, start, like, low, feel, food, effect"
    },
    {
      "topic_id": 4,
      "interpretation": "General Discussion",
      "top_words": "positive, glp, question, include, please, response, semaglutide, non, respond, offer"
    }
  ]
}