{
  "report_metadata": {
    "generated_at": "2025-10-27T21:16:50.284815",
    "best_num_topics": 5,
    "best_coherence_score": 0.6406422537306093,
    "total_documents": 23405,
    "vocabulary_size": 5992
  },
  "model_parameters": {
    "passes": 10,
    "iterations": 400,
    "min_df": 5,
    "max_df": 0.7,
    "alpha": "auto",
    "eta": "auto"
  },
  "coherence_comparison": {
    "5": 0.6406422537306093,
    "7": 0.5255408952075565,
    "10": 0.45866329657401483
  },
  "topics": [
    {
      "topic_id": 0,
      "topic_label": "Topic 0: get, start, take",
      "top_words": [
        "get",
        "start",
        "take",
        "work",
        "like",
        "well",
        "feel",
        "good",
        "time",
        "see",
        "also",
        "much",
        "help",
        "one",
        "dose",
        "really",
        "know",
        "try",
        "thank",
        "would"
      ],
      "word_probabilities": [
        0.029979992657899857,
        0.01832158863544464,
        0.014634252525866032,
        0.014512484893202782,
        0.013328815810382366,
        0.012951677665114403,
        0.012784668244421482,
        0.012274906039237976,
        0.012113342992961407,
        0.011371931992471218,
        0.01130700670182705,
        0.010751336812973022,
        0.009236415848135948,
        0.00918766763061285,
        0.009175377897918224,
        0.008933042176067829,
        0.00856979750096798,
        0.008530454710125923,
        0.008414654061198235,
        0.008111140690743923
      ],
      "top_10_words": "get, start, take, work, like, well, feel, good, time, see"
    },
    {
      "topic_id": 1,
      "topic_label": "Topic 1: message, semaglutide, offer",
      "top_words": [
        "message",
        "semaglutide",
        "offer",
        "private",
        "discussion",
        "permit",
        "please",
        "concern",
        "automatically",
        "action",
        "subreddit",
        "question",
        "bot",
        "contact",
        "perform",
        "moderator",
        "compose",
        "want",
        "sub",
        "non"
      ],
      "word_probabilities": [
        0.05533744767308235,
        0.05500036105513573,
        0.03370121866464615,
        0.03323100507259369,
        0.03321889415383339,
        0.033202189952135086,
        0.029522020369768143,
        0.022641556337475777,
        0.022212352603673935,
        0.022101162001490593,
        0.02207188494503498,
        0.02203662320971489,
        0.02198011614382267,
        0.021974509581923485,
        0.021900057792663574,
        0.021853666752576828,
        0.02185366488993168,
        0.019375119358301163,
        0.018212640658020973,
        0.017942961305379868
      ],
      "top_10_words": "message, semaglutide, offer, private, discussion, permit, please, concern, automatically, action"
    },
    {
      "topic_id": 2,
      "topic_label": "Topic 2: doctor, advice, different",
      "top_words": [
        "doctor",
        "advice",
        "different",
        "health",
        "talk",
        "medication",
        "check",
        "everyone",
        "medical",
        "people",
        "ask",
        "need",
        "avoid",
        "safe",
        "professional",
        "community",
        "method",
        "extreme",
        "beat",
        "dangerous"
      ],
      "word_probabilities": [
        0.029099425300955772,
        0.02835734188556671,
        0.020052868872880936,
        0.01918865367770195,
        0.01695459894835949,
        0.01620408706367016,
        0.01607684977352619,
        0.014052990823984146,
        0.013870432041585445,
        0.013211246579885483,
        0.01264742948114872,
        0.01245998777449131,
        0.011764449067413807,
        0.011711319908499718,
        0.011461013928055763,
        0.011359917931258678,
        0.011324475519359112,
        0.011308852583169937,
        0.011293507181107998,
        0.011132319457828999
      ],
      "top_10_words": "doctor, advice, different, health, talk, medication, check, everyone, medical, people"
    },
    {
      "topic_id": 3,
      "topic_label": "Topic 3: eat, food, calorie",
      "top_words": [
        "eat",
        "food",
        "calorie",
        "protein",
        "carb",
        "sugar",
        "meal",
        "water",
        "drink",
        "low",
        "snack",
        "hungry",
        "awesome",
        "cut",
        "diet",
        "clothe",
        "add",
        "make",
        "lot",
        "lift"
      ],
      "word_probabilities": [
        0.07912953197956085,
        0.03865179792046547,
        0.03179779648780823,
        0.025653664022684097,
        0.022991636767983437,
        0.019995301961898804,
        0.01742427796125412,
        0.017389755696058273,
        0.01563911885023117,
        0.010908554308116436,
        0.009630587883293629,
        0.008429932408034801,
        0.007997963577508926,
        0.007981980219483376,
        0.007888015359640121,
        0.007759671658277512,
        0.0074727898463606834,
        0.007242126390337944,
        0.007231399416923523,
        0.00673723965883255
      ],
      "top_10_words": "eat, food, calorie, protein, carb, sugar, meal, water, drink, low"
    },
    {
      "topic_id": 4,
      "topic_label": "Topic 4: weight, lose, look",
      "top_words": [
        "weight",
        "lose",
        "look",
        "loss",
        "body",
        "change",
        "healthy",
        "exercise",
        "pound",
        "want",
        "big",
        "people",
        "diet",
        "make",
        "life",
        "like",
        "goal",
        "disorder",
        "need",
        "lbs"
      ],
      "word_probabilities": [
        0.060075946152210236,
        0.04295075684785843,
        0.034538064152002335,
        0.021360114216804504,
        0.019633490592241287,
        0.018438667058944702,
        0.014203676022589207,
        0.013419641181826591,
        0.013378636911511421,
        0.013112214393913746,
        0.012163382023572922,
        0.011463223025202751,
        0.011233861558139324,
        0.01095166988670826,
        0.010622723959386349,
        0.010605701245367527,
        0.009848282672464848,
        0.009774520993232727,
        0.009568392299115658,
        0.009269473142921925
      ],
      "top_10_words": "weight, lose, look, loss, body, change, healthy, exercise, pound, want"
    }
  ],
  "topic_distribution": {
    "0": 16949,
    "1": 531,
    "2": 920,
    "3": 1485,
    "4": 3520
  },
  "topic_interpretations": [
    {
      "topic_id": 0,
      "interpretation": "Medication Dosage and Usage",
      "top_words": "get, start, take, work, like, well, feel, good, time, see"
    },
    {
      "topic_id": 1,
      "interpretation": "General Discussion",
      "top_words": "message, semaglutide, offer, private, discussion, permit, please, concern, automatically, action"
    },
    {
      "topic_id": 2,
      "interpretation": "Medical Consultation and Access",
      "top_words": "doctor, advice, different, health, talk, medication, check, everyone, medical, people"
    },
    {
      "topic_id": 3,
      "interpretation": "Diet and Eating Habits",
      "top_words": "eat, food, calorie, protein, carb, sugar, meal, water, drink, low"
    },
    {
      "topic_id": 4,
      "interpretation": "Weight Loss Experiences",
      "top_words": "weight, lose, look, loss, body, change, healthy, exercise, pound, want"
    }
  ]
}