num_topics,coherence_score,perplexity
5,0.6406422537306093,-7.049421986495061
7,0.5255408952075565,-7.173396168955095
10,0.45866329657401483,-7.364218938235254
