num_topics,coherence_score,perplexity
5,0.4377366234233674,-7.087645075071687
7,0.40064948982371834,-7.141046941718022
10,0.3582159152647587,-7.336207346382343
