2025-12-01 18:48:30,861 - INFO - ================================================================================
2025-12-01 18:48:30,861 - INFO - BASCRAPER DATA COLLECTION PIPELINE
2025-12-01 18:48:30,861 - INFO - ================================================================================
2025-12-01 18:48:30,861 - INFO - Initializing BAScraper (ArcticShift) Data Collector
2025-12-01 18:48:30,861 - INFO - Starting BAScraper collection pipeline
2025-12-01 18:48:30,861 - INFO - ================================================================================
2025-12-01 18:48:30,861 - INFO - COLLECTING SUBMISSIONS
2025-12-01 18:48:30,861 - INFO - ================================================================================
2025-12-01 18:48:30,861 - INFO - 
============================================================
2025-12-01 18:48:30,861 - INFO - YEAR: 2019
2025-12-01 18:48:30,861 - INFO - ============================================================
2025-12-01 18:48:30,861 - INFO -   Searching r/Ozempic for 'semaglutide' (2019-01-01 to 2019-12-31)
2025-12-01 18:48:31,837 - INFO - coro-3 | pool: 1000 | len: 0 | time: 0.97
2025-12-01 18:48:31,838 - INFO - coro-2 | pool: 1997 | len: 0 | time: 0.97
2025-12-01 18:48:32,197 - INFO - coro-1 | pool: 1998 | len: 0 | time: 1.34
2025-12-01 18:48:33,200 - INFO -   Searching r/Ozempic for 'ozempic' (2019-01-01 to 2019-12-31)
2025-12-01 18:48:34,167 - INFO - coro-2 | pool: 1999 | len: 0 | time: 0.97
2025-12-01 18:48:34,461 - INFO - coro-1 | pool: 1996 | len: 0 | time: 1.26
2025-12-01 18:48:34,499 - INFO - coro-3 | pool: 1995 | len: 4 | time: 1.30
2025-12-01 18:48:35,508 - INFO - coro-3 | pool: 1994 | len: 3 | time: 1.01
2025-12-01 18:48:36,031 - INFO - coro-3 | pool: 1993 | len: 2 | time: 0.52
2025-12-01 18:48:36,573 - INFO - coro-3 | pool: 1992 | len: 1 | time: 0.54
2025-12-01 18:48:37,121 - INFO - coro-3 | pool: 1991 | len: 0 | time: 0.55
2025-12-01 18:48:37,123 - INFO -     Found 4 posts
2025-12-01 18:48:38,124 - INFO -   Searching r/Ozempic for 'wegovy' (2019-01-01 to 2019-12-31)
2025-12-01 18:48:38,658 - INFO - coro-1 | pool: 1990 | len: 0 | time: 0.53
2025-12-01 18:48:38,817 - INFO - coro-2 | pool: 1988 | len: 0 | time: 0.69
2025-12-01 18:48:39,179 - INFO - coro-3 | pool: 1989 | len: 0 | time: 1.05
2025-12-01 18:48:40,183 - INFO -   Searching r/Ozempic for 'rybelsus' (2019-01-01 to 2019-12-31)
2025-12-01 18:48:40,750 - INFO - coro-2 | pool: 1987 | len: 0 | time: 0.57
2025-12-01 18:48:40,795 - INFO - coro-1 | pool: 1986 | len: 0 | time: 0.61
2025-12-01 18:48:40,958 - INFO - coro-3 | pool: 1984 | len: 0 | time: 0.77
2025-12-01 18:48:41,961 - INFO -   Searching r/Semaglutide for 'semaglutide' (2019-01-01 to 2019-12-31)
2025-12-01 18:48:42,592 - INFO - coro-2 | pool: 1985 | len: 0 | time: 0.63
2025-12-01 18:48:42,594 - INFO - coro-1 | pool: 1982 | len: 0 | time: 0.63
2025-12-01 18:48:43,124 - INFO - coro-3 | pool: 1999 | len: 0 | time: 0.60
2025-12-01 18:48:44,127 - INFO -   Searching r/Semaglutide for 'ozempic' (2019-01-01 to 2019-12-31)
2025-12-01 18:48:44,681 - INFO - coro-2 | pool: 1983 | len: 0 | time: 0.55
2025-12-01 18:48:45,205 - INFO - coro-3 | pool: 1998 | len: 0 | time: 0.54
2025-12-01 18:48:45,697 - INFO - coro-1 | pool: 1981 | len: 0 | time: 1.57
2025-12-01 18:48:46,700 - INFO -   Searching r/Semaglutide for 'wegovy' (2019-01-01 to 2019-12-31)
2025-12-01 18:48:47,298 - INFO - coro-2 | pool: 1997 | len: 0 | time: 0.60
2025-12-01 18:48:47,446 - INFO - coro-1 | pool: 1996 | len: 0 | time: 0.74
2025-12-01 18:48:47,848 - INFO - coro-3 | pool: 1980 | len: 0 | time: 1.15
2025-12-01 18:48:48,851 - INFO -   Searching r/Semaglutide for 'rybelsus' (2019-01-01 to 2019-12-31)
2025-12-01 18:48:48,857 - WARNING - coro-1 | ClientConnectionError: Retrying... Attempt 1/5
2025-12-01 18:48:48,857 - ERROR - Unexpected error during fetch: unhandled errors in a TaskGroup (1 sub-exception)
2025-12-01 18:48:48,858 - ERROR - Sub-exception: `auto-header` is used but ratelimit related header does not exist.
2025-12-01 18:48:48,858 - ERROR - Error collecting from r/Semaglutide: `auto-header` is used but ratelimit related header does not exist.
2025-12-01 18:48:49,859 - INFO -   Searching r/WeightLossAdvice for 'semaglutide' (2019-01-01 to 2019-12-31)
2025-12-01 18:48:49,866 - WARNING - coro-1 | ClientConnectionError: Retrying... Attempt 1/5
2025-12-01 18:48:49,867 - ERROR - Unexpected error during fetch: unhandled errors in a TaskGroup (1 sub-exception)
2025-12-01 18:48:49,867 - ERROR - Sub-exception: `auto-header` is used but ratelimit related header does not exist.
2025-12-01 18:48:49,867 - ERROR - Error collecting from r/WeightLossAdvice: `auto-header` is used but ratelimit related header does not exist.
2025-12-01 18:48:50,868 - INFO -   Searching r/WeightLossAdvice for 'ozempic' (2019-01-01 to 2019-12-31)
2025-12-01 18:48:50,875 - WARNING - coro-1 | ClientConnectionError: Retrying... Attempt 1/5
2025-12-01 18:48:50,876 - ERROR - Unexpected error during fetch: unhandled errors in a TaskGroup (1 sub-exception)
2025-12-01 18:48:50,876 - ERROR - Sub-exception: `auto-header` is used but ratelimit related header does not exist.
2025-12-01 18:48:50,876 - ERROR - Error collecting from r/WeightLossAdvice: `auto-header` is used but ratelimit related header does not exist.
2025-12-01 18:48:51,877 - INFO -   Searching r/WeightLossAdvice for 'wegovy' (2019-01-01 to 2019-12-31)
2025-12-01 18:48:51,885 - WARNING - coro-1 | ClientConnectionError: Retrying... Attempt 1/5
2025-12-01 18:48:51,886 - ERROR - Unexpected error during fetch: unhandled errors in a TaskGroup (1 sub-exception)
2025-12-01 18:48:51,886 - ERROR - Sub-exception: `auto-header` is used but ratelimit related header does not exist.
2025-12-01 18:48:51,886 - ERROR - Error collecting from r/WeightLossAdvice: `auto-header` is used but ratelimit related header does not exist.
2025-12-01 18:48:52,887 - INFO -   Searching r/WeightLossAdvice for 'rybelsus' (2019-01-01 to 2019-12-31)
2025-12-01 18:48:53,932 - INFO - coro-1 | pool: 1979 | len: 0 | time: 1.04
2025-12-01 18:48:53,943 - INFO - coro-2 | pool: 1994 | len: 0 | time: 1.05
2025-12-01 18:48:55,130 - INFO - coro-3 | pool: 1995 | len: 0 | time: 2.24
2025-12-01 18:48:56,134 - INFO -   Searching r/diabetes_t2 for 'semaglutide' (2019-01-01 to 2019-12-31)
2025-12-01 18:48:56,802 - INFO - coro-3 | pool: 1978 | len: 0 | time: 0.67
2025-12-01 18:48:57,060 - INFO - coro-1 | pool: 1993 | len: 0 | time: 0.93
2025-12-01 18:48:57,531 - INFO - coro-2 | pool: 1992 | len: 0 | time: 1.40
2025-12-01 18:48:58,534 - INFO -   Searching r/diabetes_t2 for 'ozempic' (2019-01-01 to 2019-12-31)
2025-12-01 18:48:59,181 - INFO - coro-3 | pool: 1977 | len: 6 | time: 0.64
2025-12-01 18:48:59,204 - INFO - coro-2 | pool: 1991 | len: 5 | time: 0.67
2025-12-01 18:48:59,912 - INFO - coro-2 | pool: 1990 | len: 4 | time: 0.71
2025-12-01 18:49:00,580 - INFO - coro-2 | pool: 1989 | len: 3 | time: 0.66
2025-12-01 18:49:00,855 - INFO - coro-1 | pool: 1998 | len: 5 | time: 1.78
2025-12-01 18:49:01,471 - INFO - coro-2 | pool: 1999 | len: 2 | time: 0.89
2025-12-01 18:49:01,472 - INFO - coro-1 | pool: 1998 | len: 4 | time: 0.62
2025-12-01 18:49:01,987 - INFO - coro-1 | pool: 1999 | len: 3 | time: 0.51
2025-12-01 18:49:02,030 - INFO - coro-2 | pool: 1997 | len: 1 | time: 0.56
2025-12-01 18:49:02,339 - INFO - coro-3 | pool: 1997 | len: 5 | time: 3.16
2025-12-01 18:49:02,543 - INFO - coro-1 | pool: 1996 | len: 2 | time: 0.55
2025-12-01 18:49:02,907 - INFO - coro-3 | pool: 1996 | len: 4 | time: 0.56
2025-12-01 18:49:03,195 - INFO - coro-1 | pool: 1995 | len: 1 | time: 0.65
2025-12-01 18:49:03,414 - INFO - coro-3 | pool: 1994 | len: 3 | time: 0.51
2025-12-01 18:49:03,603 - INFO - coro-2 | pool: 1995 | len: 0 | time: 1.57
2025-12-01 18:49:03,822 - INFO - coro-1 | pool: 1994 | len: 0 | time: 0.63
2025-12-01 18:49:04,223 - INFO - coro-3 | pool: 1993 | len: 2 | time: 0.81
2025-12-01 18:49:04,871 - INFO - coro-3 | pool: 1993 | len: 1 | time: 0.65
2025-12-01 18:49:05,440 - INFO - coro-3 | pool: 1992 | len: 0 | time: 0.57
2025-12-01 18:49:05,446 - INFO -     Found 16 posts
2025-12-01 18:49:06,448 - INFO -   Searching r/diabetes_t2 for 'wegovy' (2019-01-01 to 2019-12-31)
2025-12-01 18:49:07,285 - INFO - coro-1 | pool: 1991 | len: 0 | time: 0.84
2025-12-01 18:49:07,530 - INFO - coro-3 | pool: 1992 | len: 0 | time: 1.08
2025-12-01 18:49:08,161 - INFO - coro-2 | pool: 1991 | len: 0 | time: 1.71
2025-12-01 18:49:09,164 - INFO -   Searching r/diabetes_t2 for 'rybelsus' (2019-01-01 to 2019-12-31)
2025-12-01 18:49:09,710 - INFO - coro-2 | pool: 1990 | len: 0 | time: 0.55
2025-12-01 18:49:09,713 - INFO - coro-1 | pool: 1988 | len: 0 | time: 0.55
2025-12-01 18:49:09,868 - INFO - coro-3 | pool: 1987 | len: 0 | time: 0.70
2025-12-01 18:49:10,874 - INFO -   Searching r/diabetes for 'semaglutide' (2019-01-01 to 2019-12-31)
2025-12-01 18:49:12,212 - INFO - coro-2 | pool: 1989 | len: 2 | time: 1.33
2025-12-01 18:49:12,453 - INFO - coro-1 | pool: 1986 | len: 0 | time: 1.58
2025-12-01 18:49:14,077 - INFO - coro-3 | pool: 1985 | len: 0 | time: 2.66
2025-12-01 18:49:23,091 - WARNING - coro-2 | TimeoutError: Retrying... Attempt 1/5
2025-12-01 18:49:23,092 - ERROR - Unexpected error during fetch: unhandled errors in a TaskGroup (1 sub-exception)
2025-12-01 18:49:23,092 - ERROR - Sub-exception: `auto-header` is used but ratelimit related header does not exist.
2025-12-01 18:49:23,092 - ERROR - Error collecting from r/diabetes: `auto-header` is used but ratelimit related header does not exist.
2025-12-01 18:49:24,093 - INFO -   Searching r/diabetes for 'ozempic' (2019-01-01 to 2019-12-31)
2025-12-01 18:49:24,836 - INFO - coro-2 | pool: 1984 | len: 10 | time: 0.74
2025-12-01 18:49:24,838 - INFO - coro-3 | pool: 1983 | len: 7 | time: 0.74
2025-12-01 18:49:25,526 - INFO - coro-2 | pool: 1990 | len: 9 | time: 0.69
2025-12-01 18:49:25,545 - INFO - coro-3 | pool: 1989 | len: 6 | time: 0.70
2025-12-01 18:49:26,247 - INFO - coro-3 | pool: 1988 | len: 5 | time: 0.70
2025-12-01 18:49:26,266 - INFO - coro-2 | pool: 1987 | len: 8 | time: 0.74
2025-12-01 18:49:26,486 - INFO - coro-1 | pool: 1986 | len: 4 | time: 2.39
2025-12-01 18:49:26,940 - INFO - coro-3 | pool: 1982 | len: 4 | time: 0.69
2025-12-01 18:49:26,949 - INFO - coro-2 | pool: 1985 | len: 7 | time: 0.68
2025-12-01 18:49:27,414 - INFO - coro-1 | pool: 1981 | len: 3 | time: 0.93
2025-12-01 18:49:27,629 - INFO - coro-3 | pool: 1984 | len: 3 | time: 0.69
2025-12-01 18:49:27,656 - INFO - coro-2 | pool: 1983 | len: 6 | time: 0.70
2025-12-01 18:49:28,074 - INFO - coro-1 | pool: 1982 | len: 2 | time: 0.66
2025-12-01 18:49:28,286 - INFO - coro-3 | pool: 1981 | len: 2 | time: 0.66
2025-12-01 18:49:28,987 - INFO - coro-2 | pool: 1980 | len: 5 | time: 1.33
2025-12-01 18:49:29,137 - INFO - coro-1 | pool: 1978 | len: 1 | time: 1.06
2025-12-01 18:49:29,570 - INFO - coro-3 | pool: 1979 | len: 1 | time: 1.28
2025-12-01 18:49:29,671 - INFO - coro-2 | pool: 1977 | len: 4 | time: 0.68
2025-12-01 18:49:30,145 - INFO - coro-3 | pool: 1980 | len: 0 | time: 0.57
2025-12-01 18:49:30,296 - INFO - coro-1 | pool: 1976 | len: 0 | time: 1.16
2025-12-01 18:49:30,372 - INFO - coro-2 | pool: 1975 | len: 3 | time: 0.70
2025-12-01 18:49:31,086 - INFO - coro-2 | pool: 1979 | len: 2 | time: 0.71
2025-12-01 18:49:31,087 - INFO - pool refilled!
2025-12-01 18:49:32,211 - INFO - coro-2 | pool: 1978 | len: 1 | time: 1.12
2025-12-01 18:49:32,749 - INFO - coro-2 | pool: 1974 | len: 0 | time: 0.54
2025-12-01 18:49:32,754 - INFO -     Found 21 posts
2025-12-01 18:49:33,755 - INFO -   Searching r/diabetes for 'wegovy' (2019-01-01 to 2019-12-31)
2025-12-01 18:49:34,439 - INFO - coro-2 | pool: 1977 | len: 0 | time: 0.68
2025-12-01 18:49:34,965 - INFO - coro-1 | pool: 1973 | len: 0 | time: 1.21
2025-12-01 18:49:35,525 - INFO - coro-3 | pool: 1972 | len: 0 | time: 1.23
2025-12-01 18:49:36,528 - INFO -   Searching r/diabetes for 'rybelsus' (2019-01-01 to 2019-12-31)
2025-12-01 18:49:37,269 - INFO - coro-3 | pool: 1971 | len: 0 | time: 0.74
2025-12-01 18:49:37,731 - INFO - coro-1 | pool: 1970 | len: 0 | time: 1.20
2025-12-01 18:49:37,905 - INFO - coro-2 | pool: 1969 | len: 0 | time: 1.37
2025-12-01 18:49:38,907 - INFO -   Searching r/loseit for 'semaglutide' (2019-01-01 to 2019-12-31)
2025-12-01 18:49:41,568 - INFO - coro-3 | pool: 1968 | len: 0 | time: 2.66
2025-12-01 18:49:42,750 - INFO - coro-1 | pool: 1967 | len: 0 | time: 3.84
2025-12-01 18:49:45,539 - INFO - coro-2 | pool: 1966 | len: 0 | time: 6.63
2025-12-01 18:49:46,542 - INFO -   Searching r/loseit for 'ozempic' (2019-01-01 to 2019-12-31)
2025-12-01 18:49:47,866 - INFO - coro-3 | pool: 1965 | len: 0 | time: 1.32
2025-12-01 18:49:48,455 - INFO - coro-2 | pool: 1964 | len: 0 | time: 1.91
2025-12-01 18:49:49,584 - INFO - coro-1 | pool: 1963 | len: 0 | time: 3.04
2025-12-01 18:49:50,588 - INFO -   Searching r/loseit for 'wegovy' (2019-01-01 to 2019-12-31)
2025-12-01 18:49:50,593 - WARNING - coro-2 | ClientConnectionError: Retrying... Attempt 1/5
2025-12-01 18:49:50,593 - WARNING - coro-1 | ClientConnectionError: Retrying... Attempt 1/5
2025-12-01 18:49:50,594 - ERROR - Unexpected error during fetch: unhandled errors in a TaskGroup (2 sub-exceptions)
2025-12-01 18:49:50,594 - ERROR - Sub-exception: `auto-header` is used but ratelimit related header does not exist.
2025-12-01 18:49:50,594 - ERROR - Error collecting from r/loseit: `auto-header` is used but ratelimit related header does not exist.
2025-12-01 18:49:51,595 - INFO -   Searching r/loseit for 'rybelsus' (2019-01-01 to 2019-12-31)
2025-12-01 18:49:51,602 - WARNING - coro-1 | ClientConnectionError: Retrying... Attempt 1/5
2025-12-01 18:49:51,604 - ERROR - Unexpected error during fetch: unhandled errors in a TaskGroup (1 sub-exception)
2025-12-01 18:49:51,605 - ERROR - Sub-exception: `auto-header` is used but ratelimit related header does not exist.
2025-12-01 18:49:51,605 - ERROR - Error collecting from r/loseit: `auto-header` is used but ratelimit related header does not exist.
2025-12-01 18:49:52,606 - INFO - Year 2019 total: 41 unique posts
2025-12-01 18:49:52,606 - INFO - 
============================================================
2025-12-01 18:49:52,606 - INFO - YEAR: 2020
2025-12-01 18:49:52,606 - INFO - ============================================================
2025-12-01 18:49:52,606 - INFO -   Searching r/Ozempic for 'semaglutide' (2020-01-01 to 2020-12-31)
2025-12-01 18:49:53,114 - INFO - coro-2 | pool: 1962 | len: 0 | time: 0.51
2025-12-01 18:49:53,160 - INFO - coro-3 | pool: 1961 | len: 0 | time: 0.55
2025-12-01 18:49:55,449 - INFO - coro-1 | pool: 1960 | len: 0 | time: 2.84
2025-12-01 18:49:56,453 - INFO -   Searching r/Ozempic for 'ozempic' (2020-01-01 to 2020-12-31)
2025-12-01 18:49:56,975 - INFO - coro-1 | pool: 1959 | len: 0 | time: 0.52
2025-12-01 18:49:57,020 - INFO - coro-2 | pool: 1958 | len: 0 | time: 0.57
2025-12-01 18:49:57,565 - INFO - coro-3 | pool: 1957 | len: 0 | time: 1.11
2025-12-01 18:49:58,569 - INFO -   Searching r/Ozempic for 'wegovy' (2020-01-01 to 2020-12-31)
2025-12-01 18:49:59,061 - INFO - coro-2 | pool: 1956 | len: 0 | time: 0.49
2025-12-01 18:49:59,118 - INFO - coro-3 | pool: 1955 | len: 0 | time: 0.55
2025-12-01 18:49:59,558 - INFO - coro-1 | pool: 1953 | len: 0 | time: 0.99
2025-12-01 18:50:00,562 - INFO -   Searching r/Ozempic for 'rybelsus' (2020-01-01 to 2020-12-31)
2025-12-01 18:50:01,075 - INFO - coro-3 | pool: 1954 | len: 0 | time: 0.51
2025-12-01 18:50:01,646 - INFO - coro-2 | pool: 1999 | len: 0 | time: 0.53
2025-12-01 18:50:02,110 - INFO - coro-1 | pool: 1998 | len: 0 | time: 1.55
2025-12-01 18:50:03,114 - INFO -   Searching r/Semaglutide for 'semaglutide' (2020-01-01 to 2020-12-31)
2025-12-01 18:50:03,680 - INFO - coro-3 | pool: 1997 | len: 0 | time: 0.56
2025-12-01 18:50:03,681 - INFO - coro-2 | pool: 1996 | len: 0 | time: 0.57
2025-12-01 18:50:03,702 - INFO - coro-1 | pool: 1995 | len: 0 | time: 0.59
2025-12-01 18:50:04,706 - INFO -   Searching r/Semaglutide for 'ozempic' (2020-01-01 to 2020-12-31)
2025-12-01 18:50:05,243 - INFO - coro-2 | pool: 1999 | len: 0 | time: 0.54
2025-12-01 18:50:05,271 - INFO - coro-3 | pool: 1994 | len: 0 | time: 0.56
2025-12-01 18:50:05,575 - INFO - coro-1 | pool: 1998 | len: 0 | time: 0.87
2025-12-01 18:50:06,579 - INFO -   Searching r/Semaglutide for 'wegovy' (2020-01-01 to 2020-12-31)
2025-12-01 18:50:07,170 - INFO - coro-2 | pool: 1997 | len: 0 | time: 0.59
2025-12-01 18:50:07,333 - INFO - coro-1 | pool: 1996 | len: 0 | time: 0.75
2025-12-01 18:50:07,977 - INFO - coro-3 | pool: 1993 | len: 0 | time: 1.40
2025-12-01 18:50:08,980 - INFO -   Searching r/Semaglutide for 'rybelsus' (2020-01-01 to 2020-12-31)
2025-12-01 18:50:09,635 - INFO - coro-2 | pool: 1992 | len: 0 | time: 0.65
2025-12-01 18:50:09,635 - INFO - coro-1 | pool: 1995 | len: 0 | time: 0.65
2025-12-01 18:50:10,285 - INFO - coro-3 | pool: 1994 | len: 0 | time: 0.78
2025-12-01 18:50:11,288 - INFO -   Searching r/WeightLossAdvice for 'semaglutide' (2020-01-01 to 2020-12-31)
2025-12-01 18:50:12,734 - INFO - coro-1 | pool: 1991 | len: 0 | time: 1.44
2025-12-01 18:50:13,116 - INFO - coro-3 | pool: 1993 | len: 0 | time: 1.83
2025-12-01 18:50:14,196 - INFO - coro-2 | pool: 1992 | len: 0 | time: 2.91
2025-12-01 18:50:15,200 - INFO -   Searching r/WeightLossAdvice for 'ozempic' (2020-01-01 to 2020-12-31)
2025-12-01 18:50:16,041 - INFO - coro-3 | pool: 1990 | len: 0 | time: 0.84
2025-12-01 18:50:16,526 - INFO - coro-2 | pool: 1989 | len: 0 | time: 1.33
2025-12-01 18:50:16,701 - INFO - coro-1 | pool: 1988 | len: 0 | time: 1.50
2025-12-01 18:50:17,704 - INFO -   Searching r/WeightLossAdvice for 'wegovy' (2020-01-01 to 2020-12-31)
2025-12-01 18:50:18,548 - INFO - coro-3 | pool: 1987 | len: 0 | time: 0.84
2025-12-01 18:50:19,321 - INFO - coro-1 | pool: 1986 | len: 0 | time: 1.62
2025-12-01 18:50:28,088 - WARNING - coro-2 | TimeoutError: Retrying... Attempt 1/5
2025-12-01 18:50:28,089 - ERROR - Unexpected error during fetch: unhandled errors in a TaskGroup (1 sub-exception)
2025-12-01 18:50:28,089 - ERROR - Sub-exception: `auto-header` is used but ratelimit related header does not exist.
2025-12-01 18:50:28,089 - ERROR - Error collecting from r/WeightLossAdvice: `auto-header` is used but ratelimit related header does not exist.
2025-12-01 18:50:29,090 - INFO -   Searching r/WeightLossAdvice for 'rybelsus' (2020-01-01 to 2020-12-31)
2025-12-01 18:50:29,982 - INFO - coro-3 | pool: 1985 | len: 0 | time: 0.89
2025-12-01 18:50:30,013 - INFO - coro-2 | pool: 1983 | len: 0 | time: 0.92
2025-12-01 18:50:30,331 - INFO - coro-1 | pool: 1984 | len: 0 | time: 1.24
2025-12-01 18:50:31,335 - INFO -   Searching r/diabetes_t2 for 'semaglutide' (2020-01-01 to 2020-12-31)
2025-12-01 18:50:32,025 - INFO - coro-3 | pool: 1991 | len: 0 | time: 0.69
2025-12-01 18:50:32,025 - INFO - pool refilled!
2025-12-01 18:50:32,034 - INFO - coro-2 | pool: 1990 | len: 0 | time: 0.70
2025-12-01 18:50:34,100 - INFO - coro-1 | pool: 1989 | len: 1 | time: 2.27
2025-12-01 18:50:34,575 - INFO - coro-1 | pool: 1982 | len: 0 | time: 0.47
2025-12-01 18:50:34,578 - INFO -     Found 1 posts
2025-12-01 18:50:35,579 - INFO -   Searching r/diabetes_t2 for 'ozempic' (2020-01-01 to 2020-12-31)
2025-12-01 18:50:36,162 - INFO - coro-2 | pool: 1988 | len: 15 | time: 0.58
2025-12-01 18:50:37,687 - INFO - coro-2 | pool: 1987 | len: 14 | time: 1.52
2025-12-01 18:50:38,430 - INFO - coro-2 | pool: 1980 | len: 13 | time: 0.74
2025-12-01 18:50:38,971 - INFO - coro-2 | pool: 1979 | len: 12 | time: 0.53
2025-12-01 18:50:39,505 - INFO - coro-2 | pool: 1978 | len: 11 | time: 0.53
2025-12-01 18:50:43,320 - INFO - coro-2 | pool: 1977 | len: 10 | time: 3.81
2025-12-01 18:50:43,638 - ERROR - coro-1 | 422
{"data":null,"error":"Timeout. Maybe slow down a bit"}

2025-12-01 18:50:43,657 - ERROR - coro-3 | 422
{"data":null,"error":"Timeout. Maybe slow down a bit"}

2025-12-01 18:50:43,963 - INFO - coro-2 | pool: 1986 | len: 9 | time: 0.64
2025-12-01 18:50:44,158 - INFO - coro-1 | pool: 1985 | len: 9 | time: 0.52
2025-12-01 18:50:44,494 - INFO - coro-2 | pool: 1984 | len: 8 | time: 0.53
2025-12-01 18:50:44,497 - WARNING - coro-2 | ClientConnectionError: Retrying... Attempt 1/5
2025-12-01 18:50:44,497 - ERROR - Unexpected error during fetch: unhandled errors in a TaskGroup (1 sub-exception)
2025-12-01 18:50:44,498 - ERROR - Sub-exception: `auto-header` is used but ratelimit related header does not exist.
2025-12-01 18:50:44,498 - ERROR - Error collecting from r/diabetes_t2: `auto-header` is used but ratelimit related header does not exist.
2025-12-01 18:50:45,499 - INFO -   Searching r/diabetes_t2 for 'wegovy' (2020-01-01 to 2020-12-31)
2025-12-01 18:50:45,505 - WARNING - coro-1 | ClientConnectionError: Retrying... Attempt 1/5
2025-12-01 18:50:45,506 - ERROR - Unexpected error during fetch: unhandled errors in a TaskGroup (1 sub-exception)
2025-12-01 18:50:45,506 - ERROR - Sub-exception: `auto-header` is used but ratelimit related header does not exist.
2025-12-01 18:50:45,506 - ERROR - Error collecting from r/diabetes_t2: `auto-header` is used but ratelimit related header does not exist.
2025-12-01 18:50:46,507 - INFO -   Searching r/diabetes_t2 for 'rybelsus' (2020-01-01 to 2020-12-31)
2025-12-01 18:50:46,514 - WARNING - coro-1 | ClientConnectionError: Retrying... Attempt 1/5
2025-12-01 18:50:46,515 - ERROR - Unexpected error during fetch: unhandled errors in a TaskGroup (1 sub-exception)
2025-12-01 18:50:46,515 - ERROR - Sub-exception: `auto-header` is used but ratelimit related header does not exist.
2025-12-01 18:50:46,515 - ERROR - Error collecting from r/diabetes_t2: `auto-header` is used but ratelimit related header does not exist.
2025-12-01 18:50:47,516 - INFO -   Searching r/diabetes for 'semaglutide' (2020-01-01 to 2020-12-31)
2025-12-01 18:50:47,524 - WARNING - coro-1 | ClientConnectionError: Retrying... Attempt 1/5
2025-12-01 18:50:47,525 - ERROR - Unexpected error during fetch: unhandled errors in a TaskGroup (1 sub-exception)
2025-12-01 18:50:47,525 - ERROR - Sub-exception: `auto-header` is used but ratelimit related header does not exist.
2025-12-01 18:50:47,525 - ERROR - Error collecting from r/diabetes: `auto-header` is used but ratelimit related header does not exist.
2025-12-01 18:50:48,526 - INFO -   Searching r/diabetes for 'ozempic' (2020-01-01 to 2020-12-31)
2025-12-01 18:50:48,531 - WARNING - coro-3 | ClientConnectionError: Retrying... Attempt 1/5
2025-12-01 18:50:48,531 - ERROR - Unexpected error during fetch: unhandled errors in a TaskGroup (1 sub-exception)
2025-12-01 18:50:48,532 - ERROR - Sub-exception: `auto-header` is used but ratelimit related header does not exist.
2025-12-01 18:50:48,532 - ERROR - Error collecting from r/diabetes: `auto-header` is used but ratelimit related header does not exist.
2025-12-01 18:50:49,533 - INFO -   Searching r/diabetes for 'wegovy' (2020-01-01 to 2020-12-31)
2025-12-01 18:50:59,165 - ERROR - coro-3 | 422
{"data":null,"error":"Timeout. Maybe slow down a bit"}

2025-12-01 18:50:59,166 - ERROR - coro-1 | 422
{"data":null,"error":"Timeout. Maybe slow down a bit"}

2025-12-01 18:50:59,167 - ERROR - coro-2 | 422
{"data":null,"error":"Timeout. Maybe slow down a bit"}

2025-12-01 18:51:07,173 - ERROR - coro-3 | 422
{"data":null,"error":"Timeout. Maybe slow down a bit"}

2025-12-01 18:51:07,181 - ERROR - coro-1 | 422
{"data":null,"error":"Timeout. Maybe slow down a bit"}

2025-12-01 18:51:10,086 - WARNING - coro-2 | TimeoutError: Retrying... Attempt 2/5
2025-12-01 18:51:10,089 - ERROR - Unexpected error during fetch: unhandled errors in a TaskGroup (1 sub-exception)
2025-12-01 18:51:10,089 - ERROR - Sub-exception: `auto-header` is used but ratelimit related header does not exist.
2025-12-01 18:51:10,090 - ERROR - Error collecting from r/diabetes: `auto-header` is used but ratelimit related header does not exist.
2025-12-01 18:51:11,091 - INFO -   Searching r/diabetes for 'rybelsus' (2020-01-01 to 2020-12-31)
2025-12-01 18:51:15,452 - INFO - coro-1 | pool: 1974 | len: 3 | time: 4.35
2025-12-01 18:51:15,466 - INFO - coro-2 | pool: 1996 | len: 0 | time: 4.37
2025-12-01 18:51:16,084 - INFO - coro-1 | pool: 1997 | len: 2 | time: 0.63
2025-12-01 18:51:16,662 - INFO - coro-1 | pool: 1995 | len: 1 | time: 0.58
2025-12-01 18:51:17,330 - INFO - coro-1 | pool: 1994 | len: 0 | time: 0.67
2025-12-01 18:51:22,086 - WARNING - coro-3 | TimeoutError: Retrying... Attempt 1/5
2025-12-01 18:51:22,086 - ERROR - Unexpected error during fetch: unhandled errors in a TaskGroup (1 sub-exception)
2025-12-01 18:51:22,086 - ERROR - Sub-exception: `auto-header` is used but ratelimit related header does not exist.
2025-12-01 18:51:22,087 - ERROR - Error collecting from r/diabetes: `auto-header` is used but ratelimit related header does not exist.
2025-12-01 18:51:23,088 - INFO -   Searching r/loseit for 'semaglutide' (2020-01-01 to 2020-12-31)
2025-12-01 18:51:26,531 - INFO - coro-3 | pool: 1993 | len: 0 | time: 3.44
2025-12-01 18:51:28,431 - INFO - coro-1 | pool: 1999 | len: 0 | time: 4.63
2025-12-01 18:51:30,220 - INFO - coro-2 | pool: 1992 | len: 0 | time: 7.13
2025-12-01 18:51:31,225 - INFO -   Searching r/loseit for 'ozempic' (2020-01-01 to 2020-12-31)
2025-12-01 18:51:32,941 - INFO - coro-2 | pool: 1991 | len: 0 | time: 1.71
2025-12-01 18:51:32,941 - INFO - pool refilled!
2025-12-01 18:51:33,679 - INFO - coro-3 | pool: 1990 | len: 3 | time: 2.45
2025-12-01 18:51:34,006 - INFO - coro-1 | pool: 1998 | len: 2 | time: 2.78
2025-12-01 18:51:34,943 - INFO - coro-3 | pool: 1989 | len: 2 | time: 1.25
2025-12-01 18:51:35,867 - INFO - coro-3 | pool: 1988 | len: 1 | time: 0.92
2025-12-01 18:51:36,012 - INFO - coro-1 | pool: 1986 | len: 1 | time: 1.03
2025-12-01 18:51:36,703 - INFO - coro-3 | pool: 1987 | len: 0 | time: 0.83
2025-12-01 18:51:37,964 - INFO - coro-1 | pool: 1985 | len: 0 | time: 1.95
2025-12-01 18:51:37,967 - INFO -     Found 5 posts
2025-12-01 18:51:38,968 - INFO -   Searching r/loseit for 'wegovy' (2020-01-01 to 2020-12-31)
2025-12-01 18:51:40,921 - INFO - coro-2 | pool: 1984 | len: 0 | time: 1.95
2025-12-01 18:51:40,979 - INFO - coro-1 | pool: 1983 | len: 0 | time: 2.01
2025-12-01 18:51:42,039 - INFO - coro-3 | pool: 1982 | len: 0 | time: 3.07
2025-12-01 18:51:43,042 - INFO -   Searching r/loseit for 'rybelsus' (2020-01-01 to 2020-12-31)
2025-12-01 18:51:44,551 - INFO - coro-1 | pool: 1981 | len: 0 | time: 1.51
2025-12-01 18:51:44,778 - INFO - coro-2 | pool: 1997 | len: 0 | time: 1.74
2025-12-01 18:51:53,085 - WARNING - coro-3 | TimeoutError: Retrying... Attempt 1/5
2025-12-01 18:51:53,086 - ERROR - Unexpected error during fetch: unhandled errors in a TaskGroup (1 sub-exception)
2025-12-01 18:51:53,086 - ERROR - Sub-exception: `auto-header` is used but ratelimit related header does not exist.
2025-12-01 18:51:53,086 - ERROR - Error collecting from r/loseit: `auto-header` is used but ratelimit related header does not exist.
2025-12-01 18:51:54,087 - INFO - Year 2020 total: 6 unique posts
2025-12-01 18:51:54,088 - INFO - 
============================================================
2025-12-01 18:51:54,088 - INFO - YEAR: 2021
2025-12-01 18:51:54,088 - INFO - ============================================================
2025-12-01 18:51:54,088 - INFO -   Searching r/Ozempic for 'semaglutide' (2021-01-01 to 2021-12-31)
2025-12-01 18:51:54,584 - INFO - coro-1 | pool: 1996 | len: 0 | time: 0.50
2025-12-01 18:51:54,743 - INFO - coro-3 | pool: 1995 | len: 3 | time: 0.65
2025-12-01 18:51:55,267 - INFO - coro-3 | pool: 1994 | len: 2 | time: 0.52
2025-12-01 18:51:55,790 - INFO - coro-3 | pool: 1993 | len: 1 | time: 0.52
2025-12-01 18:51:56,316 - INFO - coro-3 | pool: 1980 | len: 0 | time: 0.52
2025-12-01 18:51:56,588 - INFO - coro-2 | pool: 1979 | len: 1 | time: 2.50
2025-12-01 18:51:57,133 - INFO - coro-2 | pool: 1978 | len: 0 | time: 0.54
2025-12-01 18:51:57,136 - INFO -     Found 4 posts
2025-12-01 18:51:58,137 - INFO -   Searching r/Ozempic for 'ozempic' (2021-01-01 to 2021-12-31)
2025-12-01 18:51:58,670 - INFO - coro-1 | pool: 1992 | len: 0 | time: 0.53
2025-12-01 18:51:58,743 - INFO - coro-3 | pool: 1991 | len: 100 | time: 0.57
2025-12-01 18:51:59,464 - INFO - coro-3 | pool: 1990 | len: 99 | time: 0.60
2025-12-01 18:51:59,985 - INFO - coro-2 | pool: 1989 | len: 83 | time: 1.52
2025-12-01 18:52:00,595 - INFO - coro-2 | pool: 1977 | len: 82 | time: 0.57
2025-12-01 18:52:00,738 - INFO - coro-3 | pool: 1999 | len: 98 | time: 0.55
2025-12-01 18:52:01,438 - INFO - coro-3 | pool: 1999 | len: 97 | time: 0.53
2025-12-01 18:52:01,883 - INFO - coro-2 | pool: 1998 | len: 81 | time: 0.97
2025-12-01 18:52:02,640 - INFO - coro-2 | pool: 1997 | len: 80 | time: 0.56
2025-12-01 18:52:02,875 - INFO - coro-3 | pool: 1996 | len: 96 | time: 1.16
2025-12-01 18:52:03,513 - INFO - coro-3 | pool: 1995 | len: 95 | time: 0.46
2025-12-01 18:52:04,206 - INFO - coro-2 | pool: 1994 | len: 79 | time: 1.39
2025-12-01 18:52:06,802 - INFO - coro-2 | pool: 1993 | len: 78 | time: 2.21
2025-12-01 18:52:07,346 - INFO - coro-2 | pool: 1992 | len: 77 | time: 0.52
2025-12-01 18:52:07,991 - INFO - coro-2 | pool: 1991 | len: 76 | time: 0.50
2025-12-01 18:52:08,670 - INFO - coro-2 | pool: 1990 | len: 75 | time: 0.65
2025-12-01 18:52:09,324 - INFO - coro-2 | pool: 1998 | len: 74 | time: 0.62
2025-12-01 18:52:09,946 - INFO - coro-2 | pool: 1997 | len: 73 | time: 0.62
2025-12-01 18:52:10,522 - INFO - coro-2 | pool: 1996 | len: 72 | time: 0.57
2025-12-01 18:52:11,190 - INFO - coro-2 | pool: 1995 | len: 71 | time: 0.52
2025-12-01 18:52:11,799 - INFO - coro-2 | pool: 1989 | len: 70 | time: 0.57
2025-12-01 18:52:12,391 - INFO - coro-2 | pool: 1994 | len: 69 | time: 0.59
2025-12-01 18:52:13,001 - INFO - coro-2 | pool: 1993 | len: 68 | time: 0.57
2025-12-01 18:52:13,617 - INFO - coro-2 | pool: 1992 | len: 67 | time: 0.61
2025-12-01 18:52:14,084 - WARNING - coro-3 | TimeoutError: Retrying... Attempt 1/5
2025-12-01 18:52:14,085 - ERROR - Unexpected error during fetch: unhandled errors in a TaskGroup (1 sub-exception)
2025-12-01 18:52:14,085 - ERROR - Sub-exception: `auto-header` is used but ratelimit related header does not exist.
2025-12-01 18:52:14,085 - ERROR - Error collecting from r/Ozempic: `auto-header` is used but ratelimit related header does not exist.
2025-12-01 18:52:15,086 - INFO -   Searching r/Ozempic for 'wegovy' (2021-01-01 to 2021-12-31)
2025-12-01 18:52:15,714 - INFO - coro-2 | pool: 1991 | len: 2 | time: 0.63
2025-12-01 18:52:15,715 - INFO - coro-1 | pool: 1989 | len: 0 | time: 0.63
2025-12-01 18:52:15,715 - INFO - coro-3 | pool: 1988 | len: 14 | time: 0.63
2025-12-01 18:52:16,239 - INFO - coro-2 | pool: 1990 | len: 1 | time: 0.52
2025-12-01 18:52:16,261 - INFO - coro-3 | pool: 1987 | len: 13 | time: 0.54
2025-12-01 18:52:16,776 - INFO - coro-2 | pool: 1986 | len: 0 | time: 0.54
2025-12-01 18:52:16,868 - INFO - coro-3 | pool: 1985 | len: 12 | time: 0.59
2025-12-01 18:52:17,379 - INFO - coro-3 | pool: 1984 | len: 11 | time: 0.51
2025-12-01 18:52:18,085 - INFO - coro-3 | pool: 1983 | len: 10 | time: 0.70
2025-12-01 18:52:18,660 - INFO - coro-3 | pool: 1982 | len: 9 | time: 0.57
2025-12-01 18:52:19,285 - INFO - coro-3 | pool: 1981 | len: 8 | time: 0.62
2025-12-01 18:52:19,921 - INFO - coro-3 | pool: 1980 | len: 7 | time: 0.64
2025-12-01 18:52:20,500 - INFO - coro-3 | pool: 1979 | len: 6 | time: 0.57
2025-12-01 18:52:21,064 - INFO - coro-3 | pool: 1978 | len: 5 | time: 0.56
2025-12-01 18:52:21,606 - INFO - coro-3 | pool: 1977 | len: 4 | time: 0.54
2025-12-01 18:52:22,161 - INFO - coro-3 | pool: 1976 | len: 3 | time: 0.55
2025-12-01 18:52:23,366 - INFO - coro-3 | pool: 1975 | len: 2 | time: 1.20
2025-12-01 18:52:23,922 - INFO - coro-3 | pool: 1987 | len: 1 | time: 0.55
2025-12-01 18:52:24,821 - INFO - coro-3 | pool: 1974 | len: 0 | time: 0.90
2025-12-01 18:52:24,827 - INFO -     Found 16 posts
2025-12-01 18:52:25,828 - INFO -   Searching r/Ozempic for 'rybelsus' (2021-01-01 to 2021-12-31)
2025-12-01 18:52:26,413 - INFO - coro-3 | pool: 1986 | len: 2 | time: 0.58
2025-12-01 18:52:26,461 - INFO - coro-2 | pool: 1985 | len: 1 | time: 0.63
2025-12-01 18:52:26,472 - INFO - coro-1 | pool: 1973 | len: 0 | time: 0.64
2025-12-01 18:52:26,989 - INFO - coro-2 | pool: 1984 | len: 0 | time: 0.53
2025-12-01 18:52:26,995 - INFO - coro-3 | pool: 1971 | len: 1 | time: 0.58
2025-12-01 18:52:27,518 - INFO - coro-3 | pool: 1972 | len: 0 | time: 0.52
2025-12-01 18:52:27,522 - INFO -     Found 3 posts
2025-12-01 18:52:28,523 - INFO -   Searching r/Semaglutide for 'semaglutide' (2021-01-01 to 2021-12-31)
2025-12-01 18:52:29,106 - INFO - coro-2 | pool: 1970 | len: 27 | time: 0.56
2025-12-01 18:52:29,346 - INFO - coro-3 | pool: 1969 | len: 69 | time: 0.58
2025-12-01 18:52:30,057 - INFO - coro-2 | pool: 1983 | len: 26 | time: 0.66
2025-12-01 18:52:30,395 - INFO - coro-3 | pool: 1982 | len: 68 | time: 1.04
2025-12-01 18:52:30,657 - INFO - coro-1 | pool: 1980 | len: 6 | time: 1.61
2025-12-01 18:52:30,810 - INFO - coro-2 | pool: 1981 | len: 25 | time: 0.59
2025-12-01 18:52:31,209 - INFO - coro-1 | pool: 1979 | len: 5 | time: 0.55
2025-12-01 18:52:31,725 - INFO - coro-3 | pool: 1977 | len: 67 | time: 1.04
2025-12-01 18:52:32,492 - INFO - coro-3 | pool: 1978 | len: 66 | time: 0.59
2025-12-01 18:52:32,752 - INFO - coro-1 | pool: 1968 | len: 4 | time: 1.54
2025-12-01 18:52:33,092 - INFO - coro-2 | pool: 1975 | len: 24 | time: 0.63
2025-12-01 18:52:33,092 - INFO - pool refilled!
2025-12-01 18:52:33,299 - INFO - coro-1 | pool: 1976 | len: 3 | time: 0.54
2025-12-01 18:52:33,653 - INFO - coro-2 | pool: 1974 | len: 23 | time: 0.56
2025-12-01 18:52:33,841 - INFO - coro-1 | pool: 1973 | len: 2 | time: 0.54
2025-12-01 18:52:34,771 - INFO - coro-1 | pool: 1972 | len: 1 | time: 0.93
2025-12-01 18:52:34,877 - INFO - coro-3 | pool: 1969 | len: 65 | time: 2.09
2025-12-01 18:52:35,338 - INFO - coro-2 | pool: 1971 | len: 22 | time: 0.93
2025-12-01 18:52:35,781 - INFO - coro-3 | pool: 1970 | len: 64 | time: 0.75
2025-12-01 18:52:36,537 - INFO - coro-2 | pool: 1968 | len: 21 | time: 1.06
2025-12-01 18:52:37,762 - INFO - coro-3 | pool: 1967 | len: 63 | time: 0.79
2025-12-01 18:52:38,010 - INFO - coro-1 | pool: 1966 | len: 0 | time: 3.24
2025-12-01 18:52:38,544 - INFO - coro-2 | pool: 1965 | len: 20 | time: 1.72
2025-12-01 18:52:39,312 - INFO - coro-2 | pool: 1964 | len: 19 | time: 0.58
2025-12-01 18:52:40,156 - INFO - coro-2 | pool: 1962 | len: 18 | time: 0.84
2025-12-01 18:52:42,189 - INFO - coro-2 | pool: 1961 | len: 17 | time: 0.60
2025-12-01 18:52:42,270 - INFO - coro-3 | pool: 1960 | len: 62 | time: 1.15
2025-12-01 18:52:42,718 - INFO - coro-2 | pool: 1963 | len: 16 | time: 0.53
2025-12-01 18:52:43,173 - INFO - coro-2 | pool: 1959 | len: 15 | time: 0.45
2025-12-01 18:52:43,753 - INFO - coro-2 | pool: 1957 | len: 14 | time: 0.58
2025-12-01 18:52:43,776 - INFO - coro-3 | pool: 1956 | len: 61 | time: 0.71
2025-12-01 18:52:44,266 - INFO - coro-3 | pool: 1958 | len: 60 | time: 0.45
2025-12-01 18:52:44,278 - WARNING - coro-3 | ClientConnectionError: Retrying... Attempt 1/5
2025-12-01 18:52:44,279 - ERROR - Unexpected error during fetch: unhandled errors in a TaskGroup (1 sub-exception)
2025-12-01 18:52:44,279 - ERROR - Sub-exception: `auto-header` is used but ratelimit related header does not exist.
2025-12-01 18:52:44,279 - ERROR - Error collecting from r/Semaglutide: `auto-header` is used but ratelimit related header does not exist.
2025-12-01 18:52:45,280 - INFO -   Searching r/Semaglutide for 'ozempic' (2021-01-01 to 2021-12-31)
2025-12-01 18:52:45,285 - WARNING - coro-1 | ClientConnectionError: Retrying... Attempt 1/5
2025-12-01 18:52:45,286 - ERROR - Unexpected error during fetch: unhandled errors in a TaskGroup (1 sub-exception)
2025-12-01 18:52:45,286 - ERROR - Sub-exception: `auto-header` is used but ratelimit related header does not exist.
2025-12-01 18:52:45,286 - ERROR - Error collecting from r/Semaglutide: `auto-header` is used but ratelimit related header does not exist.
2025-12-01 18:52:46,287 - INFO -   Searching r/Semaglutide for 'wegovy' (2021-01-01 to 2021-12-31)
2025-12-01 18:52:46,295 - WARNING - coro-1 | ClientConnectionError: Retrying... Attempt 1/5
2025-12-01 18:52:46,296 - ERROR - Unexpected error during fetch: unhandled errors in a TaskGroup (1 sub-exception)
2025-12-01 18:52:46,296 - ERROR - Sub-exception: `auto-header` is used but ratelimit related header does not exist.
2025-12-01 18:52:46,296 - ERROR - Error collecting from r/Semaglutide: `auto-header` is used but ratelimit related header does not exist.
2025-12-01 18:52:47,297 - INFO -   Searching r/Semaglutide for 'rybelsus' (2021-01-01 to 2021-12-31)
2025-12-01 18:52:47,307 - WARNING - coro-2 | ClientConnectionError: Retrying... Attempt 1/5
2025-12-01 18:52:47,308 - ERROR - Unexpected error during fetch: unhandled errors in a TaskGroup (1 sub-exception)
2025-12-01 18:52:47,308 - ERROR - Sub-exception: `auto-header` is used but ratelimit related header does not exist.
2025-12-01 18:52:47,309 - ERROR - Error collecting from r/Semaglutide: `auto-header` is used but ratelimit related header does not exist.
2025-12-01 18:52:48,310 - INFO -   Searching r/WeightLossAdvice for 'semaglutide' (2021-01-01 to 2021-12-31)
2025-12-01 18:52:48,317 - WARNING - coro-1 | ClientConnectionError: Retrying... Attempt 1/5
2025-12-01 18:52:48,317 - WARNING - coro-2 | ClientConnectionError: Retrying... Attempt 1/5
2025-12-01 18:52:48,318 - ERROR - Unexpected error during fetch: unhandled errors in a TaskGroup (2 sub-exceptions)
2025-12-01 18:52:48,318 - ERROR - Sub-exception: `auto-header` is used but ratelimit related header does not exist.
2025-12-01 18:52:48,318 - ERROR - Error collecting from r/WeightLossAdvice: `auto-header` is used but ratelimit related header does not exist.
2025-12-01 18:52:49,319 - INFO -   Searching r/WeightLossAdvice for 'ozempic' (2021-01-01 to 2021-12-31)
2025-12-01 18:52:50,064 - INFO - coro-1 | pool: 1955 | len: 2 | time: 0.74
2025-12-01 18:52:50,318 - INFO - coro-2 | pool: 1967 | len: 3 | time: 1.00
2025-12-01 18:52:51,540 - INFO - coro-3 | pool: 1966 | len: 2 | time: 2.22
2025-12-01 18:52:52,414 - INFO - coro-3 | pool: 1954 | len: 1 | time: 0.87
2025-12-01 18:52:52,703 - INFO - coro-2 | pool: 1965 | len: 2 | time: 2.38
2025-12-01 18:52:53,136 - INFO - coro-3 | pool: 1953 | len: 0 | time: 0.72
2025-12-01 18:52:53,518 - INFO - coro-2 | pool: 1952 | len: 1 | time: 0.81
2025-12-01 18:52:54,069 - INFO - coro-2 | pool: 1964 | len: 0 | time: 0.55
2025-12-01 18:52:54,205 - INFO - coro-1 | pool: 1950 | len: 1 | time: 4.14
2025-12-01 18:52:55,044 - INFO - coro-1 | pool: 1951 | len: 0 | time: 0.84
2025-12-01 18:52:55,046 - INFO -     Found 7 posts
2025-12-01 18:52:56,047 - INFO -   Searching r/WeightLossAdvice for 'wegovy' (2021-01-01 to 2021-12-31)
2025-12-01 18:52:56,760 - INFO - coro-1 | pool: 1963 | len: 0 | time: 0.71
2025-12-01 18:52:56,904 - INFO - coro-3 | pool: 1962 | len: 3 | time: 0.85
2025-12-01 18:52:56,914 - INFO - coro-2 | pool: 1961 | len: 1 | time: 0.87
2025-12-01 18:52:57,657 - INFO - coro-3 | pool: 1949 | len: 2 | time: 0.75
2025-12-01 18:52:57,817 - INFO - coro-2 | pool: 1948 | len: 0 | time: 0.90
2025-12-01 18:52:58,271 - INFO - coro-3 | pool: 1960 | len: 1 | time: 0.61
2025-12-01 18:52:58,839 - INFO - coro-3 | pool: 1959 | len: 0 | time: 0.56
2025-12-01 18:52:58,840 - INFO -     Found 4 posts
2025-12-01 18:52:59,841 - INFO -   Searching r/WeightLossAdvice for 'rybelsus' (2021-01-01 to 2021-12-31)
2025-12-01 18:53:00,666 - INFO - coro-3 | pool: 1947 | len: 0 | time: 0.80
2025-12-01 18:53:00,804 - INFO - coro-1 | pool: 1999 | len: 0 | time: 0.93
2025-12-01 18:53:01,342 - INFO - coro-2 | pool: 1998 | len: 0 | time: 1.47
2025-12-01 18:53:02,347 - INFO -   Searching r/diabetes_t2 for 'semaglutide' (2021-01-01 to 2021-12-31)
2025-12-01 18:53:02,926 - INFO - coro-2 | pool: 1999 | len: 2 | time: 0.58
2025-12-01 18:53:03,195 - INFO - coro-1 | pool: 1997 | len: 2 | time: 0.85
2025-12-01 18:53:03,509 - INFO - coro-2 | pool: 1996 | len: 1 | time: 0.58
2025-12-01 18:53:03,948 - INFO - coro-1 | pool: 1998 | len: 1 | time: 0.75
2025-12-01 18:53:03,949 - INFO - coro-3 | pool: 1995 | len: 1 | time: 1.60
2025-12-01 18:53:04,024 - INFO - coro-2 | pool: 1997 | len: 0 | time: 0.51
2025-12-01 18:53:04,508 - INFO - coro-1 | pool: 1996 | len: 0 | time: 0.56
2025-12-01 18:53:05,097 - INFO - coro-3 | pool: 1994 | len: 0 | time: 1.15
2025-12-01 18:53:05,100 - INFO -     Found 5 posts
2025-12-01 18:53:06,101 - INFO -   Searching r/diabetes_t2 for 'ozempic' (2021-01-01 to 2021-12-31)
2025-12-01 18:53:06,669 - INFO - coro-1 | pool: 1995 | len: 33 | time: 0.57
2025-12-01 18:53:06,698 - INFO - coro-3 | pool: 1993 | len: 15 | time: 0.59
2025-12-01 18:53:06,786 - INFO - coro-2 | pool: 1992 | len: 29 | time: 0.55
2025-12-01 18:53:07,202 - INFO - coro-3 | pool: 1994 | len: 14 | time: 0.50
2025-12-01 18:53:07,221 - INFO - coro-1 | pool: 1991 | len: 32 | time: 0.55
2025-12-01 18:53:07,410 - INFO - coro-2 | pool: 1990 | len: 28 | time: 0.62
2025-12-01 18:53:07,821 - INFO - coro-3 | pool: 1989 | len: 13 | time: 0.61
2025-12-01 18:53:07,833 - INFO - coro-1 | pool: 1988 | len: 31 | time: 0.61
2025-12-01 18:53:08,048 - INFO - coro-2 | pool: 1993 | len: 27 | time: 0.63
2025-12-01 18:53:08,424 - INFO - coro-3 | pool: 1992 | len: 12 | time: 0.60
2025-12-01 18:53:08,674 - INFO - coro-2 | pool: 1987 | len: 26 | time: 0.62
2025-12-01 18:53:08,676 - INFO - coro-1 | pool: 1986 | len: 30 | time: 0.70
2025-12-01 18:53:09,193 - INFO - coro-2 | pool: 1991 | len: 25 | time: 0.51
2025-12-01 18:53:09,326 - INFO - coro-3 | pool: 1985 | len: 11 | time: 0.77
2025-12-01 18:53:09,882 - INFO - coro-3 | pool: 1990 | len: 10 | time: 0.55
2025-12-01 18:53:10,401 - INFO - coro-2 | pool: 1984 | len: 24 | time: 0.54
2025-12-01 18:53:10,515 - INFO - coro-3 | pool: 1989 | len: 9 | time: 0.63
2025-12-01 18:53:11,101 - INFO - coro-3 | pool: 1983 | len: 8 | time: 0.58
2025-12-01 18:53:11,286 - INFO - coro-1 | pool: 1982 | len: 29 | time: 2.60
2025-12-01 18:53:11,423 - INFO - coro-2 | pool: 1988 | len: 23 | time: 0.88
2025-12-01 18:53:11,697 - INFO - coro-3 | pool: 1987 | len: 7 | time: 0.59
2025-12-01 18:53:12,109 - INFO - coro-2 | pool: 1986 | len: 22 | time: 0.68
2025-12-01 18:53:12,758 - INFO - coro-2 | pool: 1981 | len: 21 | time: 0.65
2025-12-01 18:53:12,873 - INFO - coro-1 | pool: 1983 | len: 28 | time: 1.31
2025-12-01 18:53:13,082 - INFO - coro-3 | pool: 1984 | len: 6 | time: 0.54
2025-12-01 18:53:13,262 - INFO - coro-2 | pool: 1985 | len: 20 | time: 0.50
2025-12-01 18:53:13,792 - INFO - coro-2 | pool: 1980 | len: 19 | time: 0.53
2025-12-01 18:53:14,243 - INFO - coro-1 | pool: 1979 | len: 27 | time: 1.10
2025-12-01 18:53:14,433 - INFO - coro-2 | pool: 1982 | len: 18 | time: 0.64
2025-12-01 18:53:14,960 - INFO - coro-1 | pool: 1980 | len: 26 | time: 0.71
2025-12-01 18:53:14,961 - INFO - coro-3 | pool: 1978 | len: 5 | time: 1.73
2025-12-01 18:53:15,004 - INFO - coro-2 | pool: 1981 | len: 17 | time: 0.57
2025-12-01 18:53:15,559 - INFO - coro-1 | pool: 1979 | len: 25 | time: 0.59
2025-12-01 18:53:15,762 - INFO - coro-3 | pool: 1977 | len: 4 | time: 0.80
2025-12-01 18:53:16,106 - INFO - coro-1 | pool: 1976 | len: 24 | time: 0.54
2025-12-01 18:53:16,284 - INFO - coro-2 | pool: 1975 | len: 16 | time: 0.55
2025-12-01 18:53:16,607 - INFO - coro-3 | pool: 1978 | len: 3 | time: 0.84
2025-12-01 18:53:16,823 - INFO - coro-2 | pool: 1974 | len: 15 | time: 0.54
2025-12-01 18:53:16,874 - INFO - coro-1 | pool: 1973 | len: 23 | time: 0.76
2025-12-01 18:53:17,472 - INFO - coro-2 | pool: 1972 | len: 14 | time: 0.65
2025-12-01 18:53:17,641 - INFO - coro-1 | pool: 1976 | len: 22 | time: 0.59
2025-12-01 18:53:18,105 - INFO - coro-2 | pool: 1977 | len: 13 | time: 0.63
2025-12-01 18:53:18,236 - INFO - coro-1 | pool: 1975 | len: 21 | time: 0.59
2025-12-01 18:53:18,730 - INFO - coro-3 | pool: 1974 | len: 2 | time: 2.12
2025-12-01 18:53:19,287 - INFO - coro-1 | pool: 1972 | len: 20 | time: 0.54
2025-12-01 18:53:19,872 - INFO - coro-2 | pool: 1971 | len: 12 | time: 0.57
2025-12-01 18:53:20,054 - INFO - coro-1 | pool: 1973 | len: 19 | time: 0.76
2025-12-01 18:53:20,201 - INFO - coro-3 | pool: 1969 | len: 1 | time: 1.47
2025-12-01 18:53:20,464 - INFO - coro-2 | pool: 1970 | len: 11 | time: 0.59
2025-12-01 18:53:20,900 - INFO - coro-1 | pool: 1968 | len: 18 | time: 0.67
2025-12-01 18:53:21,251 - INFO - coro-2 | pool: 1967 | len: 10 | time: 0.54
2025-12-01 18:53:21,654 - INFO - coro-1 | pool: 1966 | len: 17 | time: 0.75
2025-12-01 18:53:21,775 - INFO - coro-3 | pool: 1965 | len: 0 | time: 1.57
2025-12-01 18:53:22,507 - INFO - coro-2 | pool: 1964 | len: 9 | time: 1.08
2025-12-01 18:53:23,568 - INFO - coro-1 | pool: 1963 | len: 16 | time: 1.77
2025-12-01 18:53:23,628 - INFO - coro-2 | pool: 1961 | len: 8 | time: 0.58
2025-12-01 18:53:24,083 - INFO - coro-1 | pool: 1962 | len: 15 | time: 0.51
2025-12-01 18:53:24,102 - INFO - coro-2 | pool: 1960 | len: 7 | time: 0.47
2025-12-01 18:53:24,640 - INFO - coro-2 | pool: 1959 | len: 6 | time: 0.54
2025-12-01 18:53:24,679 - INFO - coro-1 | pool: 1958 | len: 14 | time: 0.59
2025-12-01 18:53:25,660 - INFO - coro-2 | pool: 1957 | len: 5 | time: 1.02
2025-12-01 18:53:27,214 - INFO - coro-2 | pool: 1956 | len: 4 | time: 1.55
2025-12-01 18:53:27,796 - INFO - coro-2 | pool: 1955 | len: 3 | time: 0.58
2025-12-01 18:53:29,204 - INFO - coro-2 | pool: 1954 | len: 2 | time: 1.41
2025-12-01 18:53:29,751 - INFO - coro-2 | pool: 1953 | len: 1 | time: 0.55
2025-12-01 18:53:30,218 - INFO - coro-2 | pool: 1952 | len: 0 | time: 0.47
2025-12-01 18:53:35,081 - WARNING - coro-1 | TimeoutError: Retrying... Attempt 1/5
2025-12-01 18:53:35,082 - INFO - pool refilled!
2025-12-01 18:53:35,082 - ERROR - Unexpected error during fetch: unhandled errors in a TaskGroup (1 sub-exception)
2025-12-01 18:53:35,083 - ERROR - Sub-exception: `auto-header` is used but ratelimit related header does not exist.
2025-12-01 18:53:35,083 - ERROR - Error collecting from r/diabetes_t2: `auto-header` is used but ratelimit related header does not exist.
2025-12-01 18:53:36,084 - INFO -   Searching r/diabetes_t2 for 'wegovy' (2021-01-01 to 2021-12-31)
2025-12-01 18:53:36,741 - INFO - coro-1 | pool: 1000 | len: 0 | time: 0.66
2025-12-01 18:53:36,754 - INFO - coro-2 | pool: 1971 | len: 0 | time: 0.67
2025-12-01 18:53:37,596 - INFO - coro-3 | pool: 1970 | len: 0 | time: 0.59
2025-12-01 18:53:38,600 - INFO -   Searching r/diabetes_t2 for 'rybelsus' (2021-01-01 to 2021-12-31)
2025-12-01 18:53:39,163 - INFO - coro-1 | pool: 1950 | len: 1 | time: 0.56
2025-12-01 18:53:39,186 - INFO - coro-3 | pool: 1949 | len: 4 | time: 0.58
2025-12-01 18:53:39,723 - INFO - coro-1 | pool: 1969 | len: 0 | time: 0.56
2025-12-01 18:53:39,730 - INFO - coro-3 | pool: 1948 | len: 3 | time: 0.54
2025-12-01 18:53:40,288 - INFO - coro-2 | pool: 1968 | len: 3 | time: 1.15
2025-12-01 18:53:40,299 - INFO - coro-3 | pool: 1947 | len: 2 | time: 0.57
2025-12-01 18:53:40,941 - INFO - coro-2 | pool: 1967 | len: 2 | time: 0.65
2025-12-01 18:53:40,942 - INFO - coro-3 | pool: 1965 | len: 1 | time: 0.64
2025-12-01 18:53:41,564 - INFO - coro-3 | pool: 1966 | len: 0 | time: 0.62
2025-12-01 18:53:51,081 - WARNING - coro-2 | TimeoutError: Retrying... Attempt 1/5
2025-12-01 18:53:51,082 - ERROR - Unexpected error during fetch: unhandled errors in a TaskGroup (1 sub-exception)
2025-12-01 18:53:51,082 - ERROR - Sub-exception: `auto-header` is used but ratelimit related header does not exist.
2025-12-01 18:53:51,082 - ERROR - Error collecting from r/diabetes_t2: `auto-header` is used but ratelimit related header does not exist.
2025-12-01 18:53:52,085 - INFO -   Searching r/diabetes for 'semaglutide' (2021-01-01 to 2021-12-31)
2025-12-01 18:54:03,080 - WARNING - coro-2 | TimeoutError: Retrying... Attempt 1/5
2025-12-01 18:54:03,082 - WARNING - coro-1 | TimeoutError: Retrying... Attempt 1/5
2025-12-01 18:54:03,083 - WARNING - coro-3 | TimeoutError: Retrying... Attempt 1/5
2025-12-01 18:54:03,083 - ERROR - Unexpected error during fetch: unhandled errors in a TaskGroup (3 sub-exceptions)
2025-12-01 18:54:03,083 - ERROR - Sub-exception: `auto-header` is used but ratelimit related header does not exist.
2025-12-01 18:54:03,084 - ERROR - Error collecting from r/diabetes: `auto-header` is used but ratelimit related header does not exist.
2025-12-01 18:54:04,084 - INFO -   Searching r/diabetes for 'ozempic' (2021-01-01 to 2021-12-31)
2025-12-01 18:54:12,131 - ERROR - coro-2 | 422
{"data":null,"error":"Timeout. Maybe slow down a bit"}

2025-12-01 18:54:14,486 - ERROR - coro-1 | 422
{"data":null,"error":"Timeout. Maybe slow down a bit"}

2025-12-01 18:54:14,499 - ERROR - coro-3 | 422
{"data":null,"error":"Timeout. Maybe slow down a bit"}

2025-12-01 18:54:21,129 - ERROR - coro-2 | 422
{"data":null,"error":"Timeout. Maybe slow down a bit"}

2025-12-01 18:54:22,593 - ERROR - coro-1 | 422
{"data":null,"error":"Timeout. Maybe slow down a bit"}

2025-12-01 18:54:25,080 - WARNING - coro-3 | TimeoutError: Retrying... Attempt 2/5
2025-12-01 18:54:25,081 - ERROR - Unexpected error during fetch: unhandled errors in a TaskGroup (1 sub-exception)
2025-12-01 18:54:25,081 - ERROR - Sub-exception: `auto-header` is used but ratelimit related header does not exist.
2025-12-01 18:54:25,082 - ERROR - Error collecting from r/diabetes: `auto-header` is used but ratelimit related header does not exist.
2025-12-01 18:54:26,084 - INFO -   Searching r/diabetes for 'wegovy' (2021-01-01 to 2021-12-31)
2025-12-01 18:54:34,400 - ERROR - coro-2 | 422
{"data":null,"error":"Timeout. Maybe slow down a bit"}

2025-12-01 18:54:34,401 - ERROR - coro-3 | 422
{"data":null,"error":"Timeout. Maybe slow down a bit"}

2025-12-01 18:54:34,407 - ERROR - coro-1 | 422
{"data":null,"error":"Timeout. Maybe slow down a bit"}

2025-12-01 18:54:42,348 - ERROR - coro-1 | 422
{"data":null,"error":"Timeout. Maybe slow down a bit"}

2025-12-01 18:54:42,348 - INFO - pool refilled!
2025-12-01 18:54:42,353 - WARNING - coro-1 | ClientConnectionError: Retrying... Attempt 3/5
2025-12-01 18:54:42,354 - ERROR - Unexpected error during fetch: unhandled errors in a TaskGroup (1 sub-exception)
2025-12-01 18:54:42,354 - ERROR - Sub-exception: `auto-header` is used but ratelimit related header does not exist.
2025-12-01 18:54:42,354 - ERROR - Error collecting from r/diabetes: `auto-header` is used but ratelimit related header does not exist.
2025-12-01 18:54:43,357 - INFO -   Searching r/diabetes for 'rybelsus' (2021-01-01 to 2021-12-31)
2025-12-01 18:54:51,432 - ERROR - coro-1 | 422
{"data":null,"error":"Timeout. Maybe slow down a bit"}

2025-12-01 18:54:53,582 - ERROR - coro-2 | 422
{"data":null,"error":"Timeout. Maybe slow down a bit"}

2025-12-01 18:54:53,597 - ERROR - coro-3 | 422
{"data":null,"error":"Timeout. Maybe slow down a bit"}

2025-12-01 18:54:59,397 - ERROR - coro-1 | 422
{"data":null,"error":"Timeout. Maybe slow down a bit"}

2025-12-01 18:55:01,596 - ERROR - coro-2 | 422
{"data":null,"error":"Timeout. Maybe slow down a bit"}

2025-12-01 18:55:02,440 - ERROR - coro-3 | 422
{"data":null,"error":"Timeout. Maybe slow down a bit"}

2025-12-01 18:55:09,076 - ERROR - coro-1 | 422
{"data":null,"error":"Timeout. Maybe slow down a bit"}

2025-12-01 18:55:09,939 - ERROR - coro-2 | 422
{"data":null,"error":"Timeout. Maybe slow down a bit"}

2025-12-01 18:55:13,079 - WARNING - coro-3 | TimeoutError: Retrying... Attempt 3/5
2025-12-01 18:55:13,081 - ERROR - Unexpected error during fetch: unhandled errors in a TaskGroup (1 sub-exception)
2025-12-01 18:55:13,081 - ERROR - Sub-exception: `auto-header` is used but ratelimit related header does not exist.
2025-12-01 18:55:13,081 - ERROR - Error collecting from r/diabetes: `auto-header` is used but ratelimit related header does not exist.
2025-12-01 18:55:14,082 - INFO -   Searching r/loseit for 'semaglutide' (2021-01-01 to 2021-12-31)
2025-12-01 18:55:24,087 - ERROR - coro-3 | 422
{"data":null,"error":"Timeout. Maybe slow down a bit"}

2025-12-01 18:55:24,092 - ERROR - coro-1 | 422
{"data":null,"error":"Timeout. Maybe slow down a bit"}

2025-12-01 18:55:24,616 - ERROR - coro-2 | 422
{"data":null,"error":"Timeout. Maybe slow down a bit"}

2025-12-01 18:55:32,142 - ERROR - coro-1 | 422
{"data":null,"error":"Timeout. Maybe slow down a bit"}

2025-12-01 18:55:32,666 - ERROR - coro-2 | 422
{"data":null,"error":"Timeout. Maybe slow down a bit"}

2025-12-01 18:55:34,153 - ERROR - coro-3 | 422
{"data":null,"error":"Timeout. Maybe slow down a bit"}

2025-12-01 18:55:40,189 - ERROR - coro-1 | 422
{"data":null,"error":"Timeout. Maybe slow down a bit"}

2025-12-01 18:55:40,195 - WARNING - coro-1 | ClientConnectionError: Retrying... Attempt 4/5
2025-12-01 18:55:40,196 - ERROR - Unexpected error during fetch: unhandled errors in a TaskGroup (1 sub-exception)
2025-12-01 18:55:40,196 - ERROR - Sub-exception: `auto-header` is used but ratelimit related header does not exist.
2025-12-01 18:55:40,196 - ERROR - Error collecting from r/loseit: `auto-header` is used but ratelimit related header does not exist.
2025-12-01 18:55:41,197 - INFO -   Searching r/loseit for 'ozempic' (2021-01-01 to 2021-12-31)
2025-12-01 18:55:41,205 - WARNING - coro-2 | ClientConnectionError: Retrying... Attempt 1/5
2025-12-01 18:55:41,206 - ERROR - Unexpected error during fetch: unhandled errors in a TaskGroup (1 sub-exception)
2025-12-01 18:55:41,207 - ERROR - Sub-exception: `auto-header` is used but ratelimit related header does not exist.
2025-12-01 18:55:41,207 - ERROR - Error collecting from r/loseit: `auto-header` is used but ratelimit related header does not exist.
2025-12-01 18:55:42,208 - INFO -   Searching r/loseit for 'wegovy' (2021-01-01 to 2021-12-31)
2025-12-01 18:55:42,215 - WARNING - coro-1 | ClientConnectionError: Retrying... Attempt 1/5
2025-12-01 18:55:42,216 - ERROR - Unexpected error during fetch: unhandled errors in a TaskGroup (1 sub-exception)
2025-12-01 18:55:42,216 - ERROR - Sub-exception: `auto-header` is used but ratelimit related header does not exist.
2025-12-01 18:55:42,216 - ERROR - Error collecting from r/loseit: `auto-header` is used but ratelimit related header does not exist.
2025-12-01 18:55:43,218 - INFO -   Searching r/loseit for 'rybelsus' (2021-01-01 to 2021-12-31)
2025-12-01 18:55:43,227 - WARNING - coro-1 | ClientConnectionError: Retrying... Attempt 1/5
2025-12-01 18:55:43,227 - INFO - pool refilled!
2025-12-01 18:55:43,228 - ERROR - Unexpected error during fetch: unhandled errors in a TaskGroup (1 sub-exception)
2025-12-01 18:55:43,228 - ERROR - Sub-exception: `auto-header` is used but ratelimit related header does not exist.
2025-12-01 18:55:43,228 - ERROR - Error collecting from r/loseit: `auto-header` is used but ratelimit related header does not exist.
2025-12-01 18:55:44,229 - INFO - Year 2021 total: 38 unique posts
2025-12-01 18:55:44,229 - INFO - 
============================================================
2025-12-01 18:55:44,229 - INFO - YEAR: 2022
2025-12-01 18:55:44,229 - INFO - ============================================================
2025-12-01 18:55:44,229 - INFO -   Searching r/Ozempic for 'semaglutide' (2022-01-01 to 2022-12-31)
2025-12-01 18:55:52,534 - ERROR - coro-3 | 422
{"data":null,"error":"Timeout. Maybe slow down a bit"}

2025-12-01 18:55:52,991 - ERROR - coro-2 | 422
{"data":null,"error":"Timeout. Maybe slow down a bit"}

2025-12-01 18:55:55,076 - WARNING - coro-1 | TimeoutError: Retrying... Attempt 1/5
2025-12-01 18:55:55,078 - ERROR - Unexpected error during fetch: unhandled errors in a TaskGroup (1 sub-exception)
2025-12-01 18:55:55,078 - ERROR - Sub-exception: `auto-header` is used but ratelimit related header does not exist.
2025-12-01 18:55:55,079 - ERROR - Error collecting from r/Ozempic: `auto-header` is used but ratelimit related header does not exist.
2025-12-01 18:55:56,080 - INFO -   Searching r/Ozempic for 'ozempic' (2022-01-01 to 2022-12-31)
2025-12-01 18:56:01,687 - INFO - coro-1 | pool: 1989 | len: 100 | time: 5.41
2025-12-01 18:56:01,692 - INFO - coro-2 | pool: 1995 | len: 100 | time: 5.61
2025-12-01 18:56:02,736 - INFO - coro-2 | pool: 1994 | len: 99 | time: 0.53
2025-12-01 18:56:02,740 - INFO - coro-3 | pool: 1999 | len: 100 | time: 5.60
2025-12-01 18:56:03,362 - INFO - coro-2 | pool: 1986 | len: 98 | time: 0.58
2025-12-01 18:56:03,630 - INFO - coro-3 | pool: 1999 | len: 99 | time: 0.57
2025-12-01 18:56:03,934 - INFO - coro-2 | pool: 1997 | len: 97 | time: 0.53
2025-12-01 18:56:03,980 - INFO - coro-1 | pool: 1998 | len: 99 | time: 1.33
2025-12-01 18:56:04,307 - INFO - coro-3 | pool: 1998 | len: 98 | time: 0.67
2025-12-01 18:56:04,600 - INFO - coro-2 | pool: 1997 | len: 96 | time: 0.63
2025-12-01 18:56:04,721 - INFO - coro-1 | pool: 1996 | len: 98 | time: 0.71
2025-12-01 18:56:05,255 - INFO - coro-2 | pool: 1996 | len: 95 | time: 0.65
2025-12-01 18:56:05,354 - INFO - coro-1 | pool: 1995 | len: 97 | time: 0.63
2025-12-01 18:56:05,518 - INFO - coro-3 | pool: 1994 | len: 97 | time: 1.04
2025-12-01 18:56:05,974 - INFO - coro-2 | pool: 1995 | len: 94 | time: 0.68
2025-12-01 18:56:06,110 - INFO - coro-1 | pool: 1993 | len: 96 | time: 0.55
2025-12-01 18:56:06,659 - INFO - coro-2 | pool: 1994 | len: 93 | time: 0.50
2025-12-01 18:56:06,698 - INFO - coro-1 | pool: 1992 | len: 95 | time: 0.58
2025-12-01 18:56:07,118 - INFO - coro-3 | pool: 1992 | len: 96 | time: 0.62
2025-12-01 18:56:07,250 - INFO - coro-2 | pool: 1993 | len: 92 | time: 0.56
2025-12-01 18:56:07,450 - INFO - coro-1 | pool: 1991 | len: 94 | time: 0.51
2025-12-01 18:56:07,733 - INFO - coro-3 | pool: 1991 | len: 95 | time: 0.60
2025-12-01 18:56:07,981 - INFO - coro-2 | pool: 1990 | len: 91 | time: 0.73
2025-12-01 18:56:08,240 - INFO - coro-3 | pool: 1989 | len: 94 | time: 0.47
2025-12-01 18:56:08,905 - INFO - coro-1 | pool: 1988 | len: 93 | time: 0.77
2025-12-01 18:56:09,022 - INFO - coro-3 | pool: 1990 | len: 93 | time: 0.56
2025-12-01 18:56:09,550 - INFO - coro-1 | pool: 1988 | len: 92 | time: 0.64
2025-12-01 18:56:09,592 - INFO - coro-2 | pool: 1987 | len: 90 | time: 1.04
2025-12-01 18:56:09,838 - INFO - coro-3 | pool: 1989 | len: 92 | time: 0.78
2025-12-01 18:56:10,108 - INFO - coro-1 | pool: 1986 | len: 91 | time: 0.52
2025-12-01 18:56:10,191 - INFO - coro-2 | pool: 1987 | len: 89 | time: 0.56
2025-12-01 18:56:11,254 - INFO - coro-1 | pool: 1985 | len: 90 | time: 0.84
2025-12-01 18:56:11,388 - INFO - coro-3 | pool: 1985 | len: 91 | time: 1.09
2025-12-01 18:56:11,467 - INFO - coro-2 | pool: 1986 | len: 88 | time: 0.97
2025-12-01 18:56:11,808 - INFO - coro-1 | pool: 1984 | len: 89 | time: 0.55
2025-12-01 18:56:12,433 - INFO - coro-1 | pool: 1984 | len: 88 | time: 0.59
2025-12-01 18:56:12,952 - INFO - coro-2 | pool: 1983 | len: 87 | time: 1.22
2025-12-01 18:56:13,885 - INFO - coro-2 | pool: 1982 | len: 86 | time: 0.81
2025-12-01 18:56:13,917 - INFO - coro-3 | pool: 1980 | len: 90 | time: 0.83
2025-12-01 18:56:14,063 - INFO - coro-1 | pool: 1983 | len: 87 | time: 1.62
2025-12-01 18:56:14,549 - INFO - coro-2 | pool: 1981 | len: 85 | time: 0.63
2025-12-01 18:56:14,790 - INFO - coro-1 | pool: 1982 | len: 86 | time: 0.59
2025-12-01 18:56:14,834 - INFO - coro-3 | pool: 1981 | len: 89 | time: 0.87
2025-12-01 18:56:15,352 - INFO - coro-1 | pool: 1980 | len: 85 | time: 0.53
2025-12-01 18:56:15,509 - INFO - coro-2 | pool: 1979 | len: 84 | time: 0.79
2025-12-01 18:56:16,014 - INFO - coro-3 | pool: 1979 | len: 88 | time: 0.87
2025-12-01 18:56:16,054 - INFO - coro-2 | pool: 1978 | len: 83 | time: 0.52
2025-12-01 18:56:16,365 - INFO - coro-1 | pool: 1978 | len: 84 | time: 0.91
2025-12-01 18:56:16,674 - INFO - coro-2 | pool: 1977 | len: 82 | time: 0.58
2025-12-01 18:56:16,960 - INFO - coro-1 | pool: 1976 | len: 83 | time: 0.55
2025-12-01 18:56:16,971 - INFO - coro-3 | pool: 1975 | len: 87 | time: 0.91
2025-12-01 18:56:17,417 - INFO - coro-2 | pool: 1974 | len: 81 | time: 0.74
2025-12-01 18:56:17,936 - INFO - coro-1 | pool: 1973 | len: 82 | time: 0.97
2025-12-01 18:56:18,087 - INFO - coro-3 | pool: 1972 | len: 86 | time: 0.99
2025-12-01 18:56:18,501 - INFO - coro-1 | pool: 1977 | len: 81 | time: 0.53
2025-12-01 18:56:18,685 - INFO - coro-2 | pool: 1971 | len: 80 | time: 1.10
2025-12-01 18:56:19,394 - INFO - coro-2 | pool: 1976 | len: 79 | time: 0.54
2025-12-01 18:56:19,638 - INFO - coro-3 | pool: 1975 | len: 85 | time: 1.42
2025-12-01 18:56:19,927 - INFO - coro-2 | pool: 1974 | len: 78 | time: 0.50
2025-12-01 18:56:20,560 - INFO - coro-2 | pool: 1970 | len: 77 | time: 0.63
2025-12-01 18:56:20,700 - INFO - coro-3 | pool: 1969 | len: 84 | time: 0.92
2025-12-01 18:56:21,194 - INFO - coro-2 | pool: 1973 | len: 76 | time: 0.58
2025-12-01 18:56:21,375 - INFO - coro-3 | pool: 1968 | len: 83 | time: 0.65
2025-12-01 18:56:21,426 - INFO - coro-1 | pool: 1967 | len: 80 | time: 2.41
2025-12-01 18:56:21,701 - INFO - coro-2 | pool: 1972 | len: 75 | time: 0.47
2025-12-01 18:56:22,149 - INFO - coro-1 | pool: 1966 | len: 79 | time: 0.56
2025-12-01 18:56:22,167 - INFO - coro-3 | pool: 1971 | len: 82 | time: 0.76
2025-12-01 18:56:22,522 - INFO - coro-2 | pool: 1965 | len: 74 | time: 0.79
2025-12-01 18:56:23,179 - INFO - coro-2 | pool: 1964 | len: 73 | time: 0.65
2025-12-01 18:56:23,183 - INFO - coro-1 | pool: 1963 | len: 78 | time: 1.03
2025-12-01 18:56:23,320 - INFO - coro-3 | pool: 1962 | len: 81 | time: 1.01
2025-12-01 18:56:23,737 - INFO - coro-1 | pool: 1970 | len: 77 | time: 0.52
2025-12-01 18:56:23,808 - INFO - coro-3 | pool: 1961 | len: 80 | time: 0.46
2025-12-01 18:56:24,267 - INFO - coro-1 | pool: 1960 | len: 76 | time: 0.50
2025-12-01 18:56:24,396 - INFO - coro-3 | pool: 1959 | len: 79 | time: 0.55
2025-12-01 18:56:25,316 - INFO - coro-2 | pool: 1958 | len: 72 | time: 1.57
2025-12-01 18:56:25,454 - INFO - coro-1 | pool: 1968 | len: 75 | time: 0.48
2025-12-01 18:56:25,835 - INFO - coro-3 | pool: 1969 | len: 78 | time: 0.60
2025-12-01 18:56:26,085 - INFO - coro-1 | pool: 1967 | len: 74 | time: 0.60
2025-12-01 18:56:26,133 - INFO - coro-2 | pool: 1957 | len: 71 | time: 0.81
2025-12-01 18:56:26,396 - INFO - coro-3 | pool: 1966 | len: 77 | time: 0.53
2025-12-01 18:56:26,881 - INFO - coro-1 | pool: 1956 | len: 73 | time: 0.79
2025-12-01 18:56:26,929 - INFO - coro-3 | pool: 1955 | len: 76 | time: 0.53
2025-12-01 18:56:27,018 - INFO - coro-2 | pool: 1954 | len: 70 | time: 0.59
2025-12-01 18:56:27,377 - INFO - coro-1 | pool: 1965 | len: 72 | time: 0.49
2025-12-01 18:56:27,499 - INFO - coro-3 | pool: 1953 | len: 75 | time: 0.57
2025-12-01 18:56:27,674 - INFO - coro-2 | pool: 1952 | len: 69 | time: 0.61
2025-12-01 18:56:27,982 - INFO - coro-1 | pool: 1951 | len: 71 | time: 0.57
2025-12-01 18:56:28,268 - INFO - coro-3 | pool: 1950 | len: 74 | time: 0.73
2025-12-01 18:56:28,425 - INFO - coro-2 | pool: 1949 | len: 68 | time: 0.62
2025-12-01 18:56:28,533 - INFO - coro-1 | pool: 1948 | len: 70 | time: 0.55
2025-12-01 18:56:29,047 - INFO - coro-2 | pool: 1947 | len: 67 | time: 0.59
2025-12-01 18:56:29,079 - INFO - coro-3 | pool: 1946 | len: 73 | time: 0.78
2025-12-01 18:56:29,367 - INFO - coro-1 | pool: 1945 | len: 69 | time: 0.81
2025-12-01 18:56:29,733 - INFO - coro-2 | pool: 1964 | len: 66 | time: 0.65
2025-12-01 18:56:30,080 - INFO - coro-3 | pool: 1963 | len: 72 | time: 0.82
2025-12-01 18:56:30,275 - INFO - coro-1 | pool: 1962 | len: 68 | time: 0.88
2025-12-01 18:56:30,522 - INFO - coro-2 | pool: 1961 | len: 65 | time: 0.79
2025-12-01 18:56:30,822 - INFO - coro-1 | pool: 1944 | len: 67 | time: 0.52
2025-12-01 18:56:30,937 - INFO - coro-3 | pool: 1943 | len: 71 | time: 0.83
2025-12-01 18:56:31,106 - INFO - coro-2 | pool: 1942 | len: 64 | time: 0.55
2025-12-01 18:56:31,628 - INFO - coro-1 | pool: 1941 | len: 66 | time: 0.78
2025-12-01 18:56:32,118 - INFO - coro-2 | pool: 1940 | len: 63 | time: 0.84
2025-12-01 18:56:32,240 - INFO - coro-1 | pool: 1960 | len: 65 | time: 0.59
2025-12-01 18:56:32,371 - INFO - coro-3 | pool: 1939 | len: 70 | time: 1.43
2025-12-01 18:56:32,667 - INFO - coro-2 | pool: 1959 | len: 62 | time: 0.55
2025-12-01 18:56:32,887 - INFO - coro-1 | pool: 1938 | len: 64 | time: 0.64
2025-12-01 18:56:33,001 - INFO - coro-3 | pool: 1937 | len: 69 | time: 0.63
2025-12-01 18:56:33,206 - INFO - coro-2 | pool: 1958 | len: 61 | time: 0.54
2025-12-01 18:56:33,478 - INFO - coro-1 | pool: 1936 | len: 63 | time: 0.55
2025-12-01 18:56:33,782 - INFO - coro-2 | pool: 1935 | len: 60 | time: 0.54
2025-12-01 18:56:33,903 - INFO - coro-3 | pool: 1934 | len: 68 | time: 0.73
2025-12-01 18:56:34,094 - INFO - coro-1 | pool: 1957 | len: 62 | time: 0.59
2025-12-01 18:56:34,464 - INFO - coro-3 | pool: 1933 | len: 67 | time: 0.56
2025-12-01 18:56:35,238 - INFO - coro-2 | pool: 1932 | len: 59 | time: 1.21
2025-12-01 18:56:35,243 - WARNING - coro-2 | ClientConnectionError: Retrying... Attempt 1/5
2025-12-01 18:56:35,244 - ERROR - Unexpected error during fetch: unhandled errors in a TaskGroup (1 sub-exception)
2025-12-01 18:56:35,244 - ERROR - Sub-exception: `auto-header` is used but ratelimit related header does not exist.
2025-12-01 18:56:35,244 - ERROR - Error collecting from r/Ozempic: `auto-header` is used but ratelimit related header does not exist.
2025-12-01 18:56:36,245 - INFO -   Searching r/Ozempic for 'wegovy' (2022-01-01 to 2022-12-31)
2025-12-01 18:56:36,248 - WARNING - coro-1 | ClientConnectionError: Retrying... Attempt 1/5
2025-12-01 18:56:36,249 - ERROR - Unexpected error during fetch: unhandled errors in a TaskGroup (1 sub-exception)
2025-12-01 18:56:36,249 - ERROR - Sub-exception: `auto-header` is used but ratelimit related header does not exist.
2025-12-01 18:56:36,249 - ERROR - Error collecting from r/Ozempic: `auto-header` is used but ratelimit related header does not exist.
2025-12-01 18:56:37,250 - INFO -   Searching r/Ozempic for 'rybelsus' (2022-01-01 to 2022-12-31)
2025-12-01 18:56:37,254 - WARNING - coro-1 | ClientConnectionError: Retrying... Attempt 1/5
2025-12-01 18:56:37,254 - ERROR - Unexpected error during fetch: unhandled errors in a TaskGroup (1 sub-exception)
2025-12-01 18:56:37,254 - ERROR - Sub-exception: `auto-header` is used but ratelimit related header does not exist.
2025-12-01 18:56:37,254 - ERROR - Error collecting from r/Ozempic: `auto-header` is used but ratelimit related header does not exist.
2025-12-01 18:56:38,255 - INFO -   Searching r/Semaglutide for 'semaglutide' (2022-01-01 to 2022-12-31)
2025-12-01 18:56:38,260 - WARNING - coro-3 | ClientConnectionError: Retrying... Attempt 1/5
2025-12-01 18:56:38,260 - ERROR - Unexpected error during fetch: unhandled errors in a TaskGroup (1 sub-exception)
2025-12-01 18:56:38,260 - ERROR - Sub-exception: `auto-header` is used but ratelimit related header does not exist.
2025-12-01 18:56:38,260 - ERROR - Error collecting from r/Semaglutide: `auto-header` is used but ratelimit related header does not exist.
2025-12-01 18:56:39,261 - INFO -   Searching r/Semaglutide for 'ozempic' (2022-01-01 to 2022-12-31)
2025-12-01 18:56:39,265 - WARNING - coro-1 | ClientConnectionError: Retrying... Attempt 1/5
2025-12-01 18:56:39,266 - ERROR - Unexpected error during fetch: unhandled errors in a TaskGroup (1 sub-exception)
2025-12-01 18:56:39,266 - ERROR - Sub-exception: `auto-header` is used but ratelimit related header does not exist.
2025-12-01 18:56:39,266 - ERROR - Error collecting from r/Semaglutide: `auto-header` is used but ratelimit related header does not exist.
2025-12-01 18:56:40,267 - INFO -   Searching r/Semaglutide for 'wegovy' (2022-01-01 to 2022-12-31)
2025-12-01 18:56:41,319 - INFO - coro-1 | pool: 1956 | len: 100 | time: 1.05
2025-12-01 18:56:41,531 - INFO - coro-2 | pool: 1953 | len: 100 | time: 0.59
2025-12-01 18:56:42,759 - INFO - coro-1 | pool: 1954 | len: 99 | time: 1.41
2025-12-01 18:56:43,408 - INFO - coro-2 | pool: 1952 | len: 99 | time: 1.46
2025-12-01 18:56:43,408 - INFO - pool refilled!
2025-12-01 18:56:44,187 - INFO - coro-1 | pool: 1951 | len: 98 | time: 1.39
2025-12-01 18:56:44,344 - INFO - coro-2 | pool: 1950 | len: 98 | time: 0.76
2025-12-01 18:56:45,233 - INFO - coro-2 | pool: 1949 | len: 97 | time: 0.59
2025-12-01 18:56:46,288 - INFO - coro-1 | pool: 1948 | len: 97 | time: 1.79
2025-12-01 18:56:46,404 - INFO - coro-2 | pool: 1947 | len: 96 | time: 0.92
2025-12-01 18:56:47,829 - INFO - coro-1 | pool: 1946 | len: 96 | time: 1.38
2025-12-01 18:56:48,634 - INFO - coro-1 | pool: 1944 | len: 95 | time: 0.78
2025-12-01 18:56:49,917 - INFO - coro-1 | pool: 1943 | len: 94 | time: 0.87
2025-12-01 18:56:50,284 - INFO - coro-2 | pool: 1942 | len: 95 | time: 0.76
2025-12-01 18:56:50,613 - INFO - coro-1 | pool: 1945 | len: 93 | time: 0.53
2025-12-01 18:56:51,073 - WARNING - coro-3 | TimeoutError: Retrying... Attempt 1/5
2025-12-01 18:56:51,074 - ERROR - Unexpected error during fetch: unhandled errors in a TaskGroup (1 sub-exception)
2025-12-01 18:56:51,074 - ERROR - Sub-exception: `auto-header` is used but ratelimit related header does not exist.
2025-12-01 18:56:51,074 - ERROR - Error collecting from r/Semaglutide: `auto-header` is used but ratelimit related header does not exist.
2025-12-01 18:56:52,075 - INFO -   Searching r/Semaglutide for 'rybelsus' (2022-01-01 to 2022-12-31)
2025-12-01 18:56:52,790 - INFO - coro-2 | pool: 1941 | len: 81 | time: 0.68
2025-12-01 18:56:52,904 - INFO - coro-1 | pool: 1931 | len: 23 | time: 0.83
2025-12-01 18:56:52,905 - INFO - coro-3 | pool: 1930 | len: 100 | time: 0.83
2025-12-01 18:56:53,424 - INFO - coro-2 | pool: 1938 | len: 80 | time: 0.59
2025-12-01 18:56:53,590 - INFO - coro-1 | pool: 1929 | len: 22 | time: 0.68
2025-12-01 18:56:54,170 - INFO - coro-1 | pool: 1928 | len: 21 | time: 0.58
2025-12-01 18:56:54,423 - INFO - coro-2 | pool: 1927 | len: 79 | time: 0.85
2025-12-01 18:56:54,684 - INFO - coro-1 | pool: 1936 | len: 20 | time: 0.51
2025-12-01 18:56:54,884 - INFO - coro-3 | pool: 1926 | len: 99 | time: 1.20
2025-12-01 18:56:55,163 - INFO - coro-1 | pool: 1937 | len: 19 | time: 0.48
2025-12-01 18:56:55,597 - INFO - coro-3 | pool: 1925 | len: 98 | time: 0.53
2025-12-01 18:56:55,701 - INFO - coro-1 | pool: 1935 | len: 18 | time: 0.54
2025-12-01 18:56:56,296 - INFO - coro-3 | pool: 1934 | len: 97 | time: 0.67
2025-12-01 18:56:56,386 - INFO - coro-1 | pool: 1924 | len: 17 | time: 0.51
2025-12-01 18:56:56,881 - INFO - coro-2 | pool: 1933 | len: 78 | time: 2.45
2025-12-01 18:56:57,260 - INFO - coro-3 | pool: 1932 | len: 96 | time: 0.96
2025-12-01 18:56:57,784 - INFO - coro-2 | pool: 1923 | len: 77 | time: 0.64
2025-12-01 18:56:57,867 - INFO - coro-1 | pool: 1930 | len: 16 | time: 1.48
2025-12-01 18:56:58,360 - INFO - coro-1 | pool: 1931 | len: 15 | time: 0.49
2025-12-01 18:56:58,832 - INFO - coro-1 | pool: 1922 | len: 14 | time: 0.47
2025-12-01 18:56:59,369 - INFO - coro-3 | pool: 1921 | len: 95 | time: 1.57
2025-12-01 18:56:59,388 - INFO - coro-1 | pool: 1928 | len: 13 | time: 0.56
2025-12-01 18:57:00,088 - INFO - coro-2 | pool: 1920 | len: 76 | time: 0.60
2025-12-01 18:57:00,178 - INFO - coro-1 | pool: 1929 | len: 12 | time: 0.79
2025-12-01 18:57:00,727 - INFO - coro-2 | pool: 1999 | len: 75 | time: 0.61
2025-12-01 18:57:00,834 - INFO - coro-1 | pool: 1998 | len: 11 | time: 0.65
2025-12-01 18:57:01,115 - INFO - coro-3 | pool: 1997 | len: 94 | time: 1.57
2025-12-01 18:57:01,454 - INFO - coro-1 | pool: 1999 | len: 10 | time: 0.62
2025-12-01 18:57:01,630 - INFO - coro-2 | pool: 1996 | len: 74 | time: 0.87
2025-12-01 18:57:01,792 - INFO - coro-3 | pool: 1998 | len: 93 | time: 0.64
2025-12-01 18:57:02,520 - INFO - coro-3 | pool: 1995 | len: 92 | time: 0.55
2025-12-01 18:57:02,629 - INFO - coro-2 | pool: 1994 | len: 73 | time: 0.63
2025-12-01 18:57:03,162 - INFO - coro-3 | pool: 1997 | len: 91 | time: 0.61
2025-12-01 18:57:03,552 - INFO - coro-1 | pool: 1993 | len: 9 | time: 1.47
2025-12-01 18:57:03,553 - INFO - coro-2 | pool: 1996 | len: 72 | time: 0.77
2025-12-01 18:57:03,949 - INFO - coro-3 | pool: 1995 | len: 90 | time: 0.76
2025-12-01 18:57:04,605 - INFO - coro-1 | pool: 1992 | len: 8 | time: 1.05
2025-12-01 18:57:04,609 - INFO - coro-3 | pool: 1994 | len: 89 | time: 0.55
2025-12-01 18:57:04,740 - INFO - coro-2 | pool: 1991 | len: 71 | time: 1.18
2025-12-01 18:57:05,198 - INFO - coro-3 | pool: 1993 | len: 88 | time: 0.55
2025-12-01 18:57:05,392 - INFO - coro-2 | pool: 1990 | len: 70 | time: 0.61
2025-12-01 18:57:05,778 - INFO - coro-3 | pool: 1989 | len: 87 | time: 0.55
2025-12-01 18:57:05,874 - INFO - coro-1 | pool: 1988 | len: 7 | time: 1.27
2025-12-01 18:57:06,453 - INFO - coro-1 | pool: 1992 | len: 6 | time: 0.58
2025-12-01 18:57:06,491 - INFO - coro-3 | pool: 1986 | len: 86 | time: 0.67
2025-12-01 18:57:06,581 - INFO - coro-2 | pool: 1987 | len: 69 | time: 0.51
2025-12-01 18:57:07,027 - INFO - coro-1 | pool: 1991 | len: 5 | time: 0.57
2025-12-01 18:57:07,227 - INFO - coro-2 | pool: 1985 | len: 68 | time: 0.64
2025-12-01 18:57:07,309 - INFO - coro-3 | pool: 1984 | len: 85 | time: 0.79
2025-12-01 18:57:07,625 - INFO - coro-1 | pool: 1990 | len: 4 | time: 0.60
2025-12-01 18:57:07,911 - INFO - coro-3 | pool: 1989 | len: 84 | time: 0.56
2025-12-01 18:57:08,110 - INFO - coro-2 | pool: 1983 | len: 67 | time: 0.88
2025-12-01 18:57:08,165 - INFO - coro-1 | pool: 1982 | len: 3 | time: 0.54
2025-12-01 18:57:08,795 - INFO - coro-2 | pool: 1988 | len: 66 | time: 0.68
2025-12-01 18:57:08,795 - INFO - coro-1 | pool: 1981 | len: 2 | time: 0.63
2025-12-01 18:57:08,935 - INFO - coro-3 | pool: 1986 | len: 83 | time: 1.02
2025-12-01 18:57:09,321 - INFO - coro-1 | pool: 1987 | len: 1 | time: 0.52
2025-12-01 18:57:09,555 - INFO - coro-2 | pool: 1980 | len: 65 | time: 0.58
2025-12-01 18:57:09,879 - INFO - coro-1 | pool: 1985 | len: 0 | time: 0.56
2025-12-01 18:57:09,989 - INFO - coro-3 | pool: 1979 | len: 82 | time: 0.91
2025-12-01 18:57:10,543 - INFO - coro-3 | pool: 1984 | len: 81 | time: 0.52
2025-12-01 18:57:10,651 - INFO - coro-2 | pool: 1982 | len: 64 | time: 0.57
2025-12-01 18:57:11,138 - INFO - coro-3 | pool: 1983 | len: 80 | time: 0.56
2025-12-01 18:57:11,208 - INFO - coro-2 | pool: 1978 | len: 63 | time: 0.53
2025-12-01 18:57:12,089 - INFO - coro-2 | pool: 1977 | len: 62 | time: 0.85
2025-12-01 18:57:12,155 - INFO - coro-3 | pool: 1976 | len: 79 | time: 0.84
2025-12-01 18:57:12,780 - INFO - coro-3 | pool: 1981 | len: 78 | time: 0.59
2025-12-01 18:57:13,410 - INFO - coro-3 | pool: 1975 | len: 77 | time: 0.59
2025-12-01 18:57:13,555 - INFO - coro-2 | pool: 1974 | len: 61 | time: 0.59
2025-12-01 18:57:14,185 - INFO - coro-2 | pool: 1980 | len: 60 | time: 0.60
2025-12-01 18:57:14,903 - INFO - coro-2 | pool: 1973 | len: 59 | time: 0.68
2025-12-01 18:57:15,090 - INFO - coro-3 | pool: 1972 | len: 76 | time: 1.16
2025-12-01 18:57:15,473 - INFO - coro-2 | pool: 1979 | len: 58 | time: 0.54
2025-12-01 18:57:15,664 - INFO - coro-3 | pool: 1971 | len: 75 | time: 0.53
2025-12-01 18:57:16,343 - INFO - coro-2 | pool: 1970 | len: 57 | time: 0.84
2025-12-01 18:57:16,790 - INFO - coro-3 | pool: 1969 | len: 74 | time: 0.76
2025-12-01 18:57:17,313 - INFO - coro-2 | pool: 1978 | len: 56 | time: 0.94
2025-12-01 18:57:17,387 - INFO - coro-3 | pool: 1968 | len: 73 | time: 0.56
2025-12-01 18:57:18,013 - INFO - coro-2 | pool: 1967 | len: 55 | time: 0.56
2025-12-01 18:57:18,442 - INFO - coro-3 | pool: 1977 | len: 72 | time: 0.87
2025-12-01 18:57:18,894 - INFO - coro-2 | pool: 1976 | len: 54 | time: 0.88
2025-12-01 18:57:19,806 - INFO - coro-2 | pool: 1966 | len: 53 | time: 0.72
2025-12-01 18:57:20,434 - INFO - coro-2 | pool: 1975 | len: 52 | time: 0.58
2025-12-01 18:57:21,138 - INFO - coro-2 | pool: 1974 | len: 51 | time: 0.56
2025-12-01 18:57:21,623 - INFO - coro-3 | pool: 1973 | len: 71 | time: 3.01
2025-12-01 18:57:21,722 - INFO - coro-2 | pool: 1972 | len: 50 | time: 0.56
2025-12-01 18:57:22,428 - INFO - coro-3 | pool: 1965 | len: 70 | time: 0.80
2025-12-01 18:57:23,213 - INFO - coro-2 | pool: 1964 | len: 49 | time: 0.82
2025-12-01 18:57:23,723 - INFO - coro-3 | pool: 1971 | len: 69 | time: 1.27
2025-12-01 18:57:24,238 - INFO - coro-3 | pool: 1963 | len: 68 | time: 0.48
2025-12-01 18:57:26,126 - INFO - coro-2 | pool: 1962 | len: 48 | time: 2.38
2025-12-01 18:57:26,257 - INFO - coro-3 | pool: 1970 | len: 67 | time: 1.87
2025-12-01 18:57:26,711 - INFO - coro-2 | pool: 1969 | len: 47 | time: 0.58
2025-12-01 18:57:27,146 - INFO - coro-3 | pool: 1961 | len: 66 | time: 0.89
2025-12-01 18:57:27,740 - INFO - coro-3 | pool: 1960 | len: 65 | time: 0.56
2025-12-01 18:57:27,867 - INFO - coro-2 | pool: 1959 | len: 46 | time: 1.02
2025-12-01 18:57:28,401 - INFO - coro-2 | pool: 1968 | len: 45 | time: 0.53
2025-12-01 18:57:28,563 - INFO - coro-3 | pool: 1958 | len: 64 | time: 0.79
2025-12-01 18:57:29,254 - INFO - coro-3 | pool: 1957 | len: 63 | time: 0.69
2025-12-01 18:57:29,827 - INFO - coro-3 | pool: 1967 | len: 62 | time: 0.54
2025-12-01 18:57:30,313 - INFO - coro-2 | pool: 1956 | len: 44 | time: 1.76
2025-12-01 18:57:30,447 - INFO - coro-3 | pool: 1966 | len: 61 | time: 0.58
2025-12-01 18:57:31,017 - INFO - coro-2 | pool: 1955 | len: 43 | time: 0.53
2025-12-01 18:57:31,911 - INFO - coro-3 | pool: 1965 | len: 60 | time: 1.46
2025-12-01 18:57:32,131 - INFO - coro-2 | pool: 1963 | len: 42 | time: 0.59
2025-12-01 18:57:32,911 - INFO - coro-3 | pool: 1964 | len: 59 | time: 0.59
2025-12-01 18:57:33,201 - INFO - coro-2 | pool: 1962 | len: 41 | time: 0.93
2025-12-01 18:57:33,485 - INFO - coro-3 | pool: 1961 | len: 58 | time: 0.53
2025-12-01 18:57:33,750 - INFO - coro-2 | pool: 1954 | len: 40 | time: 0.54
2025-12-01 18:57:34,062 - INFO - coro-3 | pool: 1953 | len: 57 | time: 0.55
2025-12-01 18:57:34,386 - INFO - coro-2 | pool: 1952 | len: 39 | time: 0.63
2025-12-01 18:57:35,222 - INFO - coro-2 | pool: 1951 | len: 38 | time: 0.83
2025-12-01 18:57:35,313 - INFO - coro-3 | pool: 1950 | len: 56 | time: 1.22
2025-12-01 18:57:35,803 - INFO - coro-2 | pool: 1960 | len: 37 | time: 0.56
2025-12-01 18:57:36,058 - INFO - coro-3 | pool: 1949 | len: 55 | time: 0.74
2025-12-01 18:57:36,474 - INFO - coro-2 | pool: 1948 | len: 36 | time: 0.53
2025-12-01 18:57:36,916 - INFO - coro-3 | pool: 1959 | len: 54 | time: 0.83
2025-12-01 18:57:37,130 - INFO - coro-2 | pool: 1947 | len: 35 | time: 0.52
2025-12-01 18:57:37,779 - INFO - coro-3 | pool: 1958 | len: 53 | time: 0.75
2025-12-01 18:57:37,783 - WARNING - coro-3 | ClientConnectionError: Retrying... Attempt 1/5
2025-12-01 18:57:37,783 - ERROR - Unexpected error during fetch: unhandled errors in a TaskGroup (1 sub-exception)
2025-12-01 18:57:37,783 - ERROR - Sub-exception: `auto-header` is used but ratelimit related header does not exist.
2025-12-01 18:57:37,783 - ERROR - Error collecting from r/Semaglutide: `auto-header` is used but ratelimit related header does not exist.
2025-12-01 18:57:38,784 - INFO -   Searching r/WeightLossAdvice for 'semaglutide' (2022-01-01 to 2022-12-31)
2025-12-01 18:57:38,788 - WARNING - coro-1 | ClientConnectionError: Retrying... Attempt 1/5
2025-12-01 18:57:38,788 - ERROR - Unexpected error during fetch: unhandled errors in a TaskGroup (1 sub-exception)
2025-12-01 18:57:38,788 - ERROR - Sub-exception: `auto-header` is used but ratelimit related header does not exist.
2025-12-01 18:57:38,788 - ERROR - Error collecting from r/WeightLossAdvice: `auto-header` is used but ratelimit related header does not exist.
2025-12-01 18:57:39,789 - INFO -   Searching r/WeightLossAdvice for 'ozempic' (2022-01-01 to 2022-12-31)
2025-12-01 18:57:39,793 - WARNING - coro-1 | ClientConnectionError: Retrying... Attempt 1/5
2025-12-01 18:57:39,793 - ERROR - Unexpected error during fetch: unhandled errors in a TaskGroup (1 sub-exception)
2025-12-01 18:57:39,793 - ERROR - Sub-exception: `auto-header` is used but ratelimit related header does not exist.
2025-12-01 18:57:39,793 - ERROR - Error collecting from r/WeightLossAdvice: `auto-header` is used but ratelimit related header does not exist.
2025-12-01 18:57:40,794 - INFO -   Searching r/WeightLossAdvice for 'wegovy' (2022-01-01 to 2022-12-31)
2025-12-01 18:57:40,810 - WARNING - coro-1 | ClientConnectionError: Retrying... Attempt 1/5
2025-12-01 18:57:40,810 - ERROR - Unexpected error during fetch: unhandled errors in a TaskGroup (1 sub-exception)
2025-12-01 18:57:40,810 - ERROR - Sub-exception: `auto-header` is used but ratelimit related header does not exist.
2025-12-01 18:57:40,810 - ERROR - Error collecting from r/WeightLossAdvice: `auto-header` is used but ratelimit related header does not exist.
2025-12-01 18:57:41,811 - INFO -   Searching r/WeightLossAdvice for 'rybelsus' (2022-01-01 to 2022-12-31)
2025-12-01 18:57:41,815 - WARNING - coro-1 | ClientConnectionError: Retrying... Attempt 1/5
2025-12-01 18:57:41,815 - ERROR - Unexpected error during fetch: unhandled errors in a TaskGroup (1 sub-exception)
2025-12-01 18:57:41,815 - ERROR - Sub-exception: `auto-header` is used but ratelimit related header does not exist.
2025-12-01 18:57:41,815 - ERROR - Error collecting from r/WeightLossAdvice: `auto-header` is used but ratelimit related header does not exist.
2025-12-01 18:57:42,816 - INFO -   Searching r/diabetes_t2 for 'semaglutide' (2022-01-01 to 2022-12-31)
2025-12-01 18:57:43,518 - INFO - coro-2 | pool: 1957 | len: 1 | time: 0.70
2025-12-01 18:57:43,518 - INFO - pool refilled!
2025-12-01 18:57:43,561 - INFO - coro-1 | pool: 1945 | len: 1 | time: 0.74
2025-12-01 18:57:43,738 - INFO - coro-3 | pool: 1956 | len: 4 | time: 0.92
2025-12-01 18:57:44,037 - INFO - coro-2 | pool: 1944 | len: 0 | time: 0.52
2025-12-01 18:57:44,062 - INFO - coro-1 | pool: 1943 | len: 0 | time: 0.50
2025-12-01 18:57:44,445 - INFO - coro-3 | pool: 1942 | len: 3 | time: 0.71
2025-12-01 18:57:44,981 - INFO - coro-3 | pool: 1941 | len: 2 | time: 0.53
2025-12-01 18:57:45,538 - INFO - coro-3 | pool: 1940 | len: 1 | time: 0.56
2025-12-01 18:57:46,024 - INFO - coro-3 | pool: 1939 | len: 0 | time: 0.48
2025-12-01 18:57:46,026 - INFO -     Found 6 posts
2025-12-01 18:57:47,026 - INFO -   Searching r/diabetes_t2 for 'ozempic' (2022-01-01 to 2022-12-31)
2025-12-01 18:57:47,752 - INFO - coro-2 | pool: 1955 | len: 36 | time: 0.68
2025-12-01 18:57:47,896 - INFO - coro-1 | pool: 1938 | len: 16 | time: 0.87
2025-12-01 18:57:47,982 - INFO - coro-3 | pool: 1937 | len: 76 | time: 0.65
2025-12-01 18:57:48,312 - INFO - coro-2 | pool: 1954 | len: 35 | time: 0.53
2025-12-01 18:57:48,642 - INFO - coro-3 | pool: 1936 | len: 75 | time: 0.66
2025-12-01 18:57:49,218 - INFO - coro-1 | pool: 1935 | len: 15 | time: 1.32
2025-12-01 18:57:49,349 - INFO - coro-3 | pool: 1953 | len: 74 | time: 0.70
2025-12-01 18:57:49,589 - INFO - coro-2 | pool: 1934 | len: 34 | time: 1.14
2025-12-01 18:57:49,958 - INFO - coro-3 | pool: 1952 | len: 73 | time: 0.58
2025-12-01 18:57:50,097 - INFO - coro-2 | pool: 1933 | len: 33 | time: 0.48
2025-12-01 18:57:50,272 - INFO - coro-1 | pool: 1932 | len: 14 | time: 1.05
2025-12-01 18:57:50,599 - INFO - coro-2 | pool: 1951 | len: 32 | time: 0.50
2025-12-01 18:57:50,618 - INFO - coro-3 | pool: 1931 | len: 72 | time: 0.50
2025-12-01 18:57:50,899 - INFO - coro-1 | pool: 1950 | len: 13 | time: 0.63
2025-12-01 18:57:51,262 - INFO - coro-2 | pool: 1930 | len: 31 | time: 0.66
2025-12-01 18:57:51,489 - INFO - coro-1 | pool: 1929 | len: 12 | time: 0.59
2025-12-01 18:57:51,588 - INFO - coro-3 | pool: 1949 | len: 71 | time: 0.94
2025-12-01 18:57:51,805 - INFO - coro-2 | pool: 1928 | len: 30 | time: 0.54
2025-12-01 18:57:52,134 - INFO - coro-1 | pool: 1927 | len: 11 | time: 0.64
2025-12-01 18:57:52,312 - INFO - coro-3 | pool: 1926 | len: 70 | time: 0.63
2025-12-01 18:57:52,443 - INFO - coro-2 | pool: 1925 | len: 29 | time: 0.61
2025-12-01 18:57:52,943 - INFO - coro-1 | pool: 1924 | len: 10 | time: 0.81
2025-12-01 18:57:53,022 - INFO - coro-2 | pool: 1923 | len: 28 | time: 0.58
2025-12-01 18:57:53,558 - INFO - coro-3 | pool: 1922 | len: 69 | time: 1.08
2025-12-01 18:57:53,635 - INFO - coro-2 | pool: 1948 | len: 27 | time: 0.61
2025-12-01 18:57:53,760 - INFO - coro-1 | pool: 1921 | len: 9 | time: 0.68
2025-12-01 18:57:54,212 - INFO - coro-3 | pool: 1947 | len: 68 | time: 0.65
2025-12-01 18:57:54,216 - INFO - coro-2 | pool: 1920 | len: 26 | time: 0.58
2025-12-01 18:57:54,682 - INFO - coro-1 | pool: 1919 | len: 8 | time: 0.92
2025-12-01 18:57:54,824 - INFO - coro-3 | pool: 1918 | len: 67 | time: 0.59
2025-12-01 18:57:54,977 - INFO - coro-2 | pool: 1917 | len: 25 | time: 0.61
2025-12-01 18:57:55,525 - INFO - coro-2 | pool: 1946 | len: 24 | time: 0.55
2025-12-01 18:57:55,713 - INFO - coro-1 | pool: 1943 | len: 7 | time: 0.53
2025-12-01 18:57:56,131 - INFO - coro-2 | pool: 1945 | len: 23 | time: 0.60
2025-12-01 18:57:56,148 - INFO - coro-3 | pool: 1916 | len: 66 | time: 0.63
2025-12-01 18:57:56,245 - INFO - coro-1 | pool: 1944 | len: 6 | time: 0.53
2025-12-01 18:57:56,863 - INFO - coro-3 | pool: 1915 | len: 65 | time: 0.71
2025-12-01 18:57:56,863 - INFO - coro-2 | pool: 1914 | len: 22 | time: 0.73
2025-12-01 18:57:56,881 - INFO - coro-1 | pool: 1913 | len: 5 | time: 0.63
2025-12-01 18:57:57,555 - INFO - coro-3 | pool: 1912 | len: 64 | time: 0.69
2025-12-01 18:57:57,576 - INFO - coro-2 | pool: 1911 | len: 21 | time: 0.53
2025-12-01 18:57:57,680 - INFO - coro-1 | pool: 1942 | len: 4 | time: 0.80
2025-12-01 18:57:58,446 - INFO - coro-1 | pool: 1941 | len: 3 | time: 0.77
2025-12-01 18:57:58,501 - INFO - coro-2 | pool: 1910 | len: 20 | time: 0.92
2025-12-01 18:57:58,962 - INFO - coro-1 | pool: 1940 | len: 2 | time: 0.51
2025-12-01 18:57:59,325 - INFO - coro-2 | pool: 1909 | len: 19 | time: 0.62
2025-12-01 18:57:59,649 - INFO - coro-3 | pool: 1939 | len: 63 | time: 1.87
2025-12-01 18:57:59,745 - INFO - coro-1 | pool: 1938 | len: 1 | time: 0.78
2025-12-01 18:57:59,911 - INFO - coro-2 | pool: 1908 | len: 18 | time: 0.59
2025-12-01 18:58:00,237 - INFO - coro-3 | pool: 1937 | len: 62 | time: 0.55
2025-12-01 18:58:00,527 - INFO - coro-2 | pool: 1999 | len: 17 | time: 0.61
2025-12-01 18:58:01,124 - INFO - coro-3 | pool: 1997 | len: 61 | time: 0.88
2025-12-01 18:58:01,884 - INFO - coro-3 | pool: 1996 | len: 60 | time: 0.62
2025-12-01 18:58:02,512 - INFO - coro-3 | pool: 1999 | len: 59 | time: 0.59
2025-12-01 18:58:03,842 - INFO - coro-3 | pool: 1995 | len: 58 | time: 0.92
2025-12-01 18:58:04,038 - INFO - coro-2 | pool: 1997 | len: 16 | time: 2.89
2025-12-01 18:58:04,480 - INFO - coro-3 | pool: 1998 | len: 57 | time: 0.61
2025-12-01 18:58:04,915 - INFO - coro-2 | pool: 1994 | len: 15 | time: 0.87
2025-12-01 18:58:05,054 - INFO - coro-3 | pool: 1993 | len: 56 | time: 0.53
2025-12-01 18:58:05,510 - INFO - coro-2 | pool: 1992 | len: 14 | time: 0.59
2025-12-01 18:58:05,837 - INFO - coro-3 | pool: 1991 | len: 55 | time: 0.74
2025-12-01 18:58:05,998 - INFO - coro-2 | pool: 1990 | len: 13 | time: 0.49
2025-12-01 18:58:06,482 - INFO - coro-3 | pool: 1989 | len: 54 | time: 0.64
2025-12-01 18:58:06,812 - INFO - coro-2 | pool: 1988 | len: 12 | time: 0.81
2025-12-01 18:58:07,298 - INFO - coro-3 | pool: 1987 | len: 53 | time: 0.79
2025-12-01 18:58:07,747 - ERROR - coro-1 | 422
{"data":null,"error":"Timeout. Maybe slow down a bit"}

2025-12-01 18:58:08,196 - INFO - coro-2 | pool: 1998 | len: 11 | time: 0.87
2025-12-01 18:58:08,235 - INFO - coro-1 | pool: 1996 | len: 0 | time: 0.49
2025-12-01 18:58:09,096 - INFO - coro-2 | pool: 1984 | len: 10 | time: 0.90
2025-12-01 18:58:09,656 - INFO - coro-2 | pool: 1983 | len: 9 | time: 0.56
2025-12-01 18:58:10,224 - INFO - coro-2 | pool: 1995 | len: 8 | time: 0.57
2025-12-01 18:58:11,249 - INFO - coro-2 | pool: 1982 | len: 7 | time: 0.49
2025-12-01 18:58:12,129 - INFO - coro-2 | pool: 1994 | len: 6 | time: 0.74
2025-12-01 18:58:13,007 - INFO - coro-2 | pool: 1993 | len: 5 | time: 0.88
2025-12-01 18:58:14,583 - INFO - coro-2 | pool: 1981 | len: 4 | time: 1.41
2025-12-01 18:58:15,380 - INFO - coro-2 | pool: 1992 | len: 3 | time: 0.80
2025-12-01 18:58:15,420 - ERROR - coro-3 | 422
{"data":null,"error":"Timeout. Maybe slow down a bit"}

2025-12-01 18:58:16,304 - INFO - coro-3 | pool: 1985 | len: 52 | time: 0.85
2025-12-01 18:58:16,951 - INFO - coro-3 | pool: 1978 | len: 51 | time: 0.55
2025-12-01 18:58:17,714 - INFO - coro-3 | pool: 1991 | len: 50 | time: 0.59
2025-12-01 18:58:18,340 - INFO - coro-3 | pool: 1990 | len: 49 | time: 0.59
2025-12-01 18:58:19,164 - INFO - coro-3 | pool: 1977 | len: 48 | time: 0.80
2025-12-01 18:58:19,697 - INFO - coro-3 | pool: 1976 | len: 47 | time: 0.51
2025-12-01 18:58:20,623 - INFO - coro-3 | pool: 1975 | len: 46 | time: 0.92
2025-12-01 18:58:21,224 - INFO - coro-3 | pool: 1989 | len: 45 | time: 0.57
2025-12-01 18:58:21,797 - INFO - coro-3 | pool: 1974 | len: 44 | time: 0.54
2025-12-01 18:58:22,394 - INFO - coro-3 | pool: 1973 | len: 43 | time: 0.57
2025-12-01 18:58:23,373 - ERROR - coro-2 | 422
{"data":null,"error":"Timeout. Maybe slow down a bit"}

2025-12-01 18:58:31,332 - ERROR - coro-2 | 422
{"data":null,"error":"Timeout. Maybe slow down a bit"}

2025-12-01 18:58:33,070 - WARNING - coro-3 | TimeoutError: Retrying... Attempt 1/5
2025-12-01 18:58:33,070 - ERROR - Unexpected error during fetch: unhandled errors in a TaskGroup (1 sub-exception)
2025-12-01 18:58:33,070 - ERROR - Sub-exception: `auto-header` is used but ratelimit related header does not exist.
2025-12-01 18:58:33,070 - ERROR - Error collecting from r/diabetes_t2: `auto-header` is used but ratelimit related header does not exist.
2025-12-01 18:58:34,071 - INFO -   Searching r/diabetes_t2 for 'wegovy' (2022-01-01 to 2022-12-31)
2025-12-01 18:58:34,077 - WARNING - coro-2 | ClientConnectionError: Retrying... Attempt 1/5
2025-12-01 18:58:34,077 - ERROR - Unexpected error during fetch: unhandled errors in a TaskGroup (1 sub-exception)
2025-12-01 18:58:34,077 - ERROR - Sub-exception: `auto-header` is used but ratelimit related header does not exist.
2025-12-01 18:58:34,077 - ERROR - Error collecting from r/diabetes_t2: `auto-header` is used but ratelimit related header does not exist.
2025-12-01 18:58:35,078 - INFO -   Searching r/diabetes_t2 for 'rybelsus' (2022-01-01 to 2022-12-31)
2025-12-01 18:58:35,082 - WARNING - coro-1 | ClientConnectionError: Retrying... Attempt 1/5
2025-12-01 18:58:35,082 - ERROR - Unexpected error during fetch: unhandled errors in a TaskGroup (1 sub-exception)
2025-12-01 18:58:35,082 - ERROR - Sub-exception: `auto-header` is used but ratelimit related header does not exist.
2025-12-01 18:58:35,082 - ERROR - Error collecting from r/diabetes_t2: `auto-header` is used but ratelimit related header does not exist.
2025-12-01 18:58:36,083 - INFO -   Searching r/diabetes for 'semaglutide' (2022-01-01 to 2022-12-31)
2025-12-01 18:58:36,086 - WARNING - coro-1 | ClientConnectionError: Retrying... Attempt 1/5
2025-12-01 18:58:36,087 - ERROR - Unexpected error during fetch: unhandled errors in a TaskGroup (1 sub-exception)
2025-12-01 18:58:36,087 - ERROR - Sub-exception: `auto-header` is used but ratelimit related header does not exist.
2025-12-01 18:58:36,087 - ERROR - Error collecting from r/diabetes: `auto-header` is used but ratelimit related header does not exist.
2025-12-01 18:58:37,088 - INFO -   Searching r/diabetes for 'ozempic' (2022-01-01 to 2022-12-31)
2025-12-01 18:58:37,092 - WARNING - coro-1 | ClientConnectionError: Retrying... Attempt 1/5
2025-12-01 18:58:37,092 - ERROR - Unexpected error during fetch: unhandled errors in a TaskGroup (1 sub-exception)
2025-12-01 18:58:37,092 - ERROR - Sub-exception: `auto-header` is used but ratelimit related header does not exist.
2025-12-01 18:58:37,092 - ERROR - Error collecting from r/diabetes: `auto-header` is used but ratelimit related header does not exist.
2025-12-01 18:58:38,093 - INFO -   Searching r/diabetes for 'wegovy' (2022-01-01 to 2022-12-31)
2025-12-01 18:58:38,097 - WARNING - coro-1 | ClientConnectionError: Retrying... Attempt 1/5
2025-12-01 18:58:38,097 - ERROR - Unexpected error during fetch: unhandled errors in a TaskGroup (1 sub-exception)
2025-12-01 18:58:38,097 - ERROR - Sub-exception: `auto-header` is used but ratelimit related header does not exist.
2025-12-01 18:58:38,097 - ERROR - Error collecting from r/diabetes: `auto-header` is used but ratelimit related header does not exist.
2025-12-01 18:58:39,098 - INFO -   Searching r/diabetes for 'rybelsus' (2022-01-01 to 2022-12-31)
2025-12-01 18:58:40,579 - INFO - coro-3 | pool: 1971 | len: 6 | time: 1.31
2025-12-01 18:58:41,070 - INFO - coro-2 | pool: 1987 | len: 7 | time: 1.97
2025-12-01 18:58:41,208 - INFO - coro-3 | pool: 1968 | len: 5 | time: 0.63
2025-12-01 18:58:41,997 - INFO - coro-3 | pool: 1967 | len: 4 | time: 0.79
2025-12-01 18:58:42,920 - INFO - coro-2 | pool: 1985 | len: 6 | time: 1.85
2025-12-01 18:58:45,662 - INFO - coro-3 | pool: 1986 | len: 3 | time: 3.66
2025-12-01 18:58:45,663 - INFO - pool refilled!
2025-12-01 18:58:45,788 - INFO - coro-2 | pool: 1966 | len: 5 | time: 2.87
2025-12-01 18:58:46,317 - INFO - coro-3 | pool: 1965 | len: 2 | time: 0.65
2025-12-01 18:58:46,837 - INFO - coro-2 | pool: 1964 | len: 4 | time: 1.05
2025-12-01 18:58:47,109 - INFO - coro-3 | pool: 1984 | len: 1 | time: 0.79
2025-12-01 18:58:47,234 - ERROR - coro-1 | 422
{"data":null,"error":"Timeout. Maybe slow down a bit"}

2025-12-01 18:58:48,411 - INFO - coro-1 | pool: 1969 | len: 3 | time: 1.18
2025-12-01 18:58:48,946 - INFO - coro-3 | pool: 1962 | len: 0 | time: 1.83
2025-12-01 18:58:49,021 - INFO - coro-1 | pool: 1982 | len: 2 | time: 0.61
2025-12-01 18:58:49,892 - INFO - coro-1 | pool: 1961 | len: 1 | time: 0.87
2025-12-01 18:58:50,569 - INFO - coro-1 | pool: 1981 | len: 0 | time: 0.68
2025-12-01 18:58:54,802 - ERROR - coro-2 | 422
{"data":null,"error":"Timeout. Maybe slow down a bit"}

2025-12-01 18:59:02,752 - ERROR - coro-2 | 422
{"data":null,"error":"Timeout. Maybe slow down a bit"}

2025-12-01 18:59:10,762 - ERROR - coro-2 | 422
{"data":null,"error":"Timeout. Maybe slow down a bit"}

2025-12-01 18:59:19,966 - ERROR - coro-2 | 422
{"data":null,"error":"Timeout. Maybe slow down a bit"}

2025-12-01 18:59:30,067 - WARNING - coro-2 | TimeoutError: Retrying... Attempt 5/5
2025-12-01 18:59:30,068 - ERROR - Unexpected error during fetch: unhandled errors in a TaskGroup (1 sub-exception)
2025-12-01 18:59:30,068 - ERROR - Sub-exception: `auto-header` is used but ratelimit related header does not exist.
2025-12-01 18:59:30,068 - ERROR - Error collecting from r/diabetes: `auto-header` is used but ratelimit related header does not exist.
2025-12-01 18:59:31,069 - INFO -   Searching r/loseit for 'semaglutide' (2022-01-01 to 2022-12-31)
2025-12-01 18:59:38,222 - INFO - coro-1 | pool: 1999 | len: 0 | time: 7.15
2025-12-01 18:59:41,366 - ERROR - coro-3 | 422
{"data":null,"error":"Timeout. Maybe slow down a bit"}

2025-12-01 18:59:41,370 - WARNING - coro-3 | ClientConnectionError: Retrying... Attempt 2/5
2025-12-01 18:59:41,370 - ERROR - Unexpected error during fetch: unhandled errors in a TaskGroup (1 sub-exception)
2025-12-01 18:59:41,370 - ERROR - Sub-exception: `auto-header` is used but ratelimit related header does not exist.
2025-12-01 18:59:41,370 - ERROR - Error collecting from r/loseit: `auto-header` is used but ratelimit related header does not exist.
2025-12-01 18:59:42,372 - INFO -   Searching r/loseit for 'ozempic' (2022-01-01 to 2022-12-31)
2025-12-01 18:59:44,074 - INFO - coro-2 | pool: 1998 | len: 31 | time: 1.67
2025-12-01 18:59:45,038 - INFO - coro-1 | pool: 1994 | len: 11 | time: 2.67
2025-12-01 18:59:48,215 - INFO - coro-2 | pool: 1993 | len: 30 | time: 3.97
2025-12-01 18:59:48,215 - INFO - pool refilled!
2025-12-01 18:59:48,788 - INFO - coro-1 | pool: 1997 | len: 10 | time: 3.75
2025-12-01 18:59:50,362 - ERROR - coro-3 | 422
{"data":null,"error":"Timeout. Maybe slow down a bit"}

2025-12-01 18:59:50,575 - INFO - coro-2 | pool: 1995 | len: 29 | time: 1.82
2025-12-01 18:59:50,807 - INFO - coro-1 | pool: 1996 | len: 9 | time: 1.80
2025-12-01 18:59:52,192 - INFO - coro-1 | pool: 1995 | len: 8 | time: 1.21
2025-12-01 18:59:54,619 - INFO - coro-3 | pool: 1994 | len: 28 | time: 4.13
2025-12-01 18:59:55,137 - INFO - coro-1 | pool: 1993 | len: 7 | time: 2.94
2025-12-01 18:59:56,043 - INFO - coro-3 | pool: 1990 | len: 27 | time: 1.42
2025-12-01 18:59:56,581 - INFO - coro-1 | pool: 1989 | len: 6 | time: 1.44
2025-12-01 18:59:57,478 - INFO - coro-3 | pool: 1988 | len: 26 | time: 1.43
2025-12-01 18:59:57,995 - INFO - coro-1 | pool: 1987 | len: 5 | time: 1.41
2025-12-01 18:59:58,673 - ERROR - coro-2 | 422
{"data":null,"error":"Timeout. Maybe slow down a bit"}

2025-12-01 18:59:58,857 - INFO - coro-3 | pool: 1991 | len: 25 | time: 1.38
2025-12-01 19:00:00,372 - INFO - coro-2 | pool: 1986 | len: 28 | time: 1.70
2025-12-01 19:00:01,168 - INFO - coro-3 | pool: 1984 | len: 24 | time: 2.31
2025-12-01 19:00:02,483 - INFO - coro-2 | pool: 1983 | len: 27 | time: 2.11
2025-12-01 19:00:02,484 - INFO - coro-1 | pool: 1999 | len: 4 | time: 4.49
2025-12-01 19:00:03,390 - INFO - coro-3 | pool: 1985 | len: 23 | time: 1.99
2025-12-01 19:00:03,588 - INFO - coro-1 | pool: 1998 | len: 3 | time: 1.09
2025-12-01 19:00:04,049 - INFO - coro-2 | pool: 1998 | len: 26 | time: 1.54
2025-12-01 19:00:04,434 - INFO - coro-1 | pool: 1999 | len: 2 | time: 0.84
2025-12-01 19:00:04,747 - INFO - coro-3 | pool: 1996 | len: 22 | time: 1.35
2025-12-01 19:00:05,520 - INFO - coro-1 | pool: 1997 | len: 1 | time: 1.08
2025-12-01 19:00:05,598 - INFO - coro-2 | pool: 1997 | len: 25 | time: 1.55
2025-12-01 19:00:06,271 - INFO - coro-1 | pool: 1995 | len: 0 | time: 0.75
2025-12-01 19:00:06,325 - INFO - coro-3 | pool: 1993 | len: 21 | time: 1.57
2025-12-01 19:00:07,291 - INFO - coro-2 | pool: 1994 | len: 24 | time: 1.69
2025-12-01 19:00:08,301 - INFO - coro-3 | pool: 1996 | len: 20 | time: 1.97
2025-12-01 19:00:08,698 - INFO - coro-2 | pool: 1995 | len: 23 | time: 1.40
2025-12-01 19:00:09,488 - INFO - coro-3 | pool: 1992 | len: 19 | time: 1.18
2025-12-01 19:00:10,394 - INFO - coro-2 | pool: 1991 | len: 22 | time: 1.67
2025-12-01 19:00:10,754 - INFO - coro-3 | pool: 1994 | len: 18 | time: 1.25
2025-12-01 19:00:11,774 - INFO - coro-2 | pool: 1990 | len: 21 | time: 1.38
2025-12-01 19:00:11,954 - INFO - coro-3 | pool: 1989 | len: 17 | time: 1.20
2025-12-01 19:00:13,051 - INFO - coro-2 | pool: 1988 | len: 20 | time: 1.27
2025-12-01 19:00:13,142 - INFO - coro-3 | pool: 1993 | len: 16 | time: 1.19
2025-12-01 19:00:14,271 - INFO - coro-2 | pool: 1992 | len: 19 | time: 1.21
2025-12-01 19:00:14,394 - INFO - coro-3 | pool: 1987 | len: 15 | time: 1.25
2025-12-01 19:00:15,489 - INFO - coro-3 | pool: 1986 | len: 14 | time: 1.09
2025-12-01 19:00:15,585 - INFO - coro-2 | pool: 1985 | len: 18 | time: 1.31
2025-12-01 19:00:16,581 - INFO - coro-3 | pool: 1991 | len: 13 | time: 1.09
2025-12-01 19:00:17,020 - INFO - coro-2 | pool: 1984 | len: 17 | time: 1.43
2025-12-01 19:00:18,170 - INFO - coro-2 | pool: 1983 | len: 16 | time: 1.15
2025-12-01 19:00:18,238 - INFO - coro-3 | pool: 1982 | len: 12 | time: 1.65
2025-12-01 19:00:19,311 - INFO - coro-3 | pool: 1990 | len: 11 | time: 1.06
2025-12-01 19:00:19,660 - INFO - coro-2 | pool: 1988 | len: 15 | time: 1.21
2025-12-01 19:00:20,357 - INFO - coro-3 | pool: 1989 | len: 10 | time: 1.04
2025-12-01 19:00:20,907 - INFO - coro-2 | pool: 1981 | len: 14 | time: 1.10
2025-12-01 19:00:21,736 - INFO - coro-3 | pool: 1987 | len: 9 | time: 1.38
2025-12-01 19:00:22,259 - INFO - coro-2 | pool: 1980 | len: 13 | time: 1.35
2025-12-01 19:00:22,784 - INFO - coro-3 | pool: 1979 | len: 8 | time: 1.04
2025-12-01 19:00:23,833 - INFO - coro-2 | pool: 1978 | len: 12 | time: 1.57
2025-12-01 19:00:23,916 - INFO - coro-3 | pool: 1986 | len: 7 | time: 1.12
2025-12-01 19:00:24,882 - INFO - coro-2 | pool: 1977 | len: 11 | time: 1.04
2025-12-01 19:00:25,976 - INFO - coro-2 | pool: 1976 | len: 10 | time: 1.09
2025-12-01 19:00:26,792 - INFO - coro-2 | pool: 1975 | len: 9 | time: 0.81
2025-12-01 19:00:27,157 - INFO - coro-3 | pool: 1984 | len: 6 | time: 1.59
2025-12-01 19:00:27,636 - INFO - coro-2 | pool: 1985 | len: 8 | time: 0.84
2025-12-01 19:00:28,123 - INFO - coro-3 | pool: 1974 | len: 5 | time: 0.96
2025-12-01 19:00:28,359 - INFO - coro-2 | pool: 1973 | len: 7 | time: 0.72
2025-12-01 19:00:29,119 - INFO - coro-2 | pool: 1972 | len: 6 | time: 0.76
2025-12-01 19:00:29,302 - INFO - coro-3 | pool: 1970 | len: 4 | time: 1.18
2025-12-01 19:00:29,695 - INFO - coro-2 | pool: 1971 | len: 5 | time: 0.57
2025-12-01 19:00:30,189 - INFO - coro-3 | pool: 1969 | len: 3 | time: 0.89
2025-12-01 19:00:30,456 - INFO - coro-2 | pool: 1968 | len: 4 | time: 0.76
2025-12-01 19:00:31,210 - INFO - coro-2 | pool: 1983 | len: 3 | time: 0.75
2025-12-01 19:00:31,549 - INFO - coro-3 | pool: 1982 | len: 2 | time: 1.36
2025-12-01 19:00:32,392 - INFO - coro-3 | pool: 1981 | len: 1 | time: 0.84
2025-12-01 19:00:32,517 - INFO - coro-2 | pool: 1967 | len: 2 | time: 1.30
2025-12-01 19:00:33,169 - INFO - coro-2 | pool: 1980 | len: 1 | time: 0.65
2025-12-01 19:00:33,327 - INFO - coro-3 | pool: 1966 | len: 0 | time: 0.93
2025-12-01 19:00:34,730 - INFO - coro-2 | pool: 1979 | len: 0 | time: 1.56
2025-12-01 19:00:34,750 - INFO -     Found 70 posts
2025-12-01 19:00:35,752 - INFO -   Searching r/loseit for 'wegovy' (2022-01-01 to 2022-12-31)
2025-12-01 19:00:37,143 - INFO - coro-3 | pool: 1978 | len: 9 | time: 1.39
2025-12-01 19:00:38,075 - INFO - coro-1 | pool: 1965 | len: 6 | time: 2.32
2025-12-01 19:00:38,136 - INFO - coro-2 | pool: 1964 | len: 11 | time: 1.85
2025-12-01 19:00:39,688 - INFO - coro-2 | pool: 1977 | len: 10 | time: 1.55
2025-12-01 19:00:39,693 - WARNING - coro-2 | ClientConnectionError: Retrying... Attempt 1/5
2025-12-01 19:00:39,694 - ERROR - Unexpected error during fetch: unhandled errors in a TaskGroup (1 sub-exception)
2025-12-01 19:00:39,694 - ERROR - Sub-exception: `auto-header` is used but ratelimit related header does not exist.
2025-12-01 19:00:39,694 - ERROR - Error collecting from r/loseit: `auto-header` is used but ratelimit related header does not exist.
2025-12-01 19:00:40,695 - INFO -   Searching r/loseit for 'rybelsus' (2022-01-01 to 2022-12-31)
2025-12-01 19:00:40,699 - WARNING - coro-1 | ClientConnectionError: Retrying... Attempt 1/5
2025-12-01 19:00:40,700 - ERROR - Unexpected error during fetch: unhandled errors in a TaskGroup (1 sub-exception)
2025-12-01 19:00:40,700 - ERROR - Sub-exception: `auto-header` is used but ratelimit related header does not exist.
2025-12-01 19:00:40,700 - ERROR - Error collecting from r/loseit: `auto-header` is used but ratelimit related header does not exist.
2025-12-01 19:00:41,701 - INFO - Year 2022 total: 76 unique posts
2025-12-01 19:00:41,701 - INFO - 
============================================================
2025-12-01 19:00:41,701 - INFO - YEAR: 2023
2025-12-01 19:00:41,701 - INFO - ============================================================
2025-12-01 19:00:41,702 - INFO -   Searching r/Ozempic for 'semaglutide' (2023-01-01 to 2023-12-31)
2025-12-01 19:00:41,711 - WARNING - coro-2 | ClientConnectionError: Retrying... Attempt 1/5
2025-12-01 19:00:41,711 - ERROR - Unexpected error during fetch: unhandled errors in a TaskGroup (1 sub-exception)
2025-12-01 19:00:41,711 - ERROR - Sub-exception: `auto-header` is used but ratelimit related header does not exist.
2025-12-01 19:00:41,711 - ERROR - Error collecting from r/Ozempic: `auto-header` is used but ratelimit related header does not exist.
2025-12-01 19:00:42,712 - INFO -   Searching r/Ozempic for 'ozempic' (2023-01-01 to 2023-12-31)
2025-12-01 19:00:42,720 - WARNING - coro-1 | ClientConnectionError: Retrying... Attempt 1/5
2025-12-01 19:00:42,720 - ERROR - Unexpected error during fetch: unhandled errors in a TaskGroup (1 sub-exception)
2025-12-01 19:00:42,720 - ERROR - Sub-exception: `auto-header` is used but ratelimit related header does not exist.
2025-12-01 19:00:42,721 - ERROR - Error collecting from r/Ozempic: `auto-header` is used but ratelimit related header does not exist.
2025-12-01 19:00:43,722 - INFO -   Searching r/Ozempic for 'wegovy' (2023-01-01 to 2023-12-31)
2025-12-01 19:00:43,728 - WARNING - coro-1 | ClientConnectionError: Retrying... Attempt 1/5
2025-12-01 19:00:43,728 - ERROR - Unexpected error during fetch: unhandled errors in a TaskGroup (1 sub-exception)
2025-12-01 19:00:43,729 - ERROR - Sub-exception: `auto-header` is used but ratelimit related header does not exist.
2025-12-01 19:00:43,729 - ERROR - Error collecting from r/Ozempic: `auto-header` is used but ratelimit related header does not exist.
2025-12-01 19:00:44,730 - INFO -   Searching r/Ozempic for 'rybelsus' (2023-01-01 to 2023-12-31)
2025-12-01 19:00:45,950 - INFO - coro-1 | pool: 1963 | len: 31 | time: 1.22
2025-12-01 19:00:47,026 - INFO - coro-3 | pool: 1974 | len: 55 | time: 2.25
2025-12-01 19:00:47,157 - INFO - coro-1 | pool: 1962 | len: 30 | time: 1.20
2025-12-01 19:00:47,561 - INFO - coro-2 | pool: 1960 | len: 68 | time: 2.80
2025-12-01 19:00:47,835 - INFO - coro-3 | pool: 1961 | len: 54 | time: 0.77
2025-12-01 19:00:47,950 - INFO - coro-1 | pool: 1959 | len: 29 | time: 0.79
2025-12-01 19:00:48,579 - INFO - coro-1 | pool: 1973 | len: 28 | time: 0.63
2025-12-01 19:00:48,579 - INFO - pool refilled!
2025-12-01 19:00:48,874 - INFO - coro-3 | pool: 1958 | len: 53 | time: 1.04
2025-12-01 19:00:49,161 - INFO - coro-1 | pool: 1957 | len: 27 | time: 0.57
2025-12-01 19:00:49,178 - INFO - coro-2 | pool: 1971 | len: 67 | time: 1.44
2025-12-01 19:00:49,652 - INFO - coro-3 | pool: 1972 | len: 52 | time: 0.74
2025-12-01 19:00:49,843 - INFO - coro-1 | pool: 1956 | len: 26 | time: 0.67
2025-12-01 19:00:50,410 - INFO - coro-3 | pool: 1970 | len: 51 | time: 0.73
2025-12-01 19:00:50,776 - INFO - coro-1 | pool: 1955 | len: 25 | time: 0.92
2025-12-01 19:00:50,934 - INFO - coro-2 | pool: 1954 | len: 66 | time: 1.54
2025-12-01 19:00:51,302 - INFO - coro-3 | pool: 1969 | len: 50 | time: 0.76
2025-12-01 19:00:51,797 - INFO - coro-1 | pool: 1968 | len: 24 | time: 1.02
2025-12-01 19:00:52,143 - INFO - coro-2 | pool: 1953 | len: 65 | time: 1.03
2025-12-01 19:00:52,361 - INFO - coro-3 | pool: 1967 | len: 49 | time: 1.03
2025-12-01 19:00:53,394 - INFO - coro-3 | pool: 1952 | len: 48 | time: 1.00
2025-12-01 19:00:53,855 - INFO - coro-1 | pool: 1951 | len: 23 | time: 1.92
2025-12-01 19:00:54,000 - INFO - coro-2 | pool: 1965 | len: 64 | time: 1.04
2025-12-01 19:00:54,244 - INFO - coro-3 | pool: 1966 | len: 47 | time: 0.85
2025-12-01 19:00:54,472 - INFO - coro-1 | pool: 1950 | len: 22 | time: 0.61
2025-12-01 19:00:54,816 - INFO - coro-2 | pool: 1949 | len: 63 | time: 0.78
2025-12-01 19:00:55,041 - INFO - coro-3 | pool: 1948 | len: 46 | time: 0.75
2025-12-01 19:00:55,394 - INFO - coro-1 | pool: 1947 | len: 21 | time: 0.92
2025-12-01 19:00:55,949 - INFO - coro-3 | pool: 1946 | len: 45 | time: 0.77
2025-12-01 19:00:56,862 - INFO - coro-1 | pool: 1964 | len: 20 | time: 1.09
2025-12-01 19:00:57,013 - INFO - coro-3 | pool: 1963 | len: 44 | time: 0.91
2025-12-01 19:00:57,038 - INFO - coro-2 | pool: 1962 | len: 62 | time: 2.05
2025-12-01 19:00:57,552 - INFO - coro-1 | pool: 1961 | len: 19 | time: 0.68
2025-12-01 19:00:57,919 - INFO - coro-2 | pool: 1945 | len: 61 | time: 0.88
2025-12-01 19:00:58,063 - INFO - coro-3 | pool: 1944 | len: 43 | time: 1.01
2025-12-01 19:00:58,292 - INFO - coro-1 | pool: 1943 | len: 18 | time: 0.74
2025-12-01 19:00:58,700 - INFO - coro-3 | pool: 1942 | len: 42 | time: 0.63
2025-12-01 19:00:59,240 - INFO - coro-2 | pool: 1941 | len: 60 | time: 1.04
2025-12-01 19:00:59,489 - INFO - coro-3 | pool: 1960 | len: 41 | time: 0.78
2025-12-01 19:00:59,799 - INFO - coro-1 | pool: 1940 | len: 17 | time: 1.19
2025-12-01 19:01:00,063 - INFO - coro-2 | pool: 1959 | len: 59 | time: 0.82
2025-12-01 19:01:00,148 - INFO - coro-3 | pool: 1939 | len: 40 | time: 0.64
2025-12-01 19:01:00,792 - INFO - coro-2 | pool: 1938 | len: 58 | time: 0.69
2025-12-01 19:01:01,594 - INFO - coro-2 | pool: 1999 | len: 57 | time: 0.79
2025-12-01 19:01:01,878 - INFO - coro-1 | pool: 1998 | len: 16 | time: 1.54
2025-12-01 19:01:01,937 - INFO - coro-3 | pool: 1999 | len: 39 | time: 1.78
2025-12-01 19:01:02,796 - INFO - coro-1 | pool: 1998 | len: 15 | time: 0.92
2025-12-01 19:01:02,849 - INFO - coro-3 | pool: 1997 | len: 38 | time: 0.91
2025-12-01 19:01:03,490 - INFO - coro-1 | pool: 1997 | len: 14 | time: 0.69
2025-12-01 19:01:03,858 - INFO - coro-2 | pool: 1996 | len: 56 | time: 2.08
2025-12-01 19:01:04,206 - INFO - coro-3 | pool: 1996 | len: 37 | time: 1.00
2025-12-01 19:01:04,357 - INFO - coro-1 | pool: 1995 | len: 13 | time: 0.86
2025-12-01 19:01:04,729 - INFO - coro-2 | pool: 1995 | len: 55 | time: 0.87
2025-12-01 19:01:05,392 - INFO - coro-3 | pool: 1994 | len: 36 | time: 1.18
2025-12-01 19:01:05,551 - INFO - coro-2 | pool: 1994 | len: 54 | time: 0.79
2025-12-01 19:01:06,181 - INFO - coro-3 | pool: 1993 | len: 35 | time: 0.78
2025-12-01 19:01:06,300 - INFO - coro-1 | pool: 1992 | len: 12 | time: 1.94
2025-12-01 19:01:06,451 - INFO - coro-2 | pool: 1993 | len: 53 | time: 0.87
2025-12-01 19:01:06,848 - INFO - coro-3 | pool: 1991 | len: 34 | time: 0.66
2025-12-01 19:01:06,939 - INFO - coro-1 | pool: 1990 | len: 11 | time: 0.64
2025-12-01 19:01:07,548 - INFO - coro-1 | pool: 1989 | len: 10 | time: 0.61
2025-12-01 19:01:07,571 - INFO - coro-3 | pool: 1991 | len: 33 | time: 0.72
2025-12-01 19:01:08,070 - INFO - coro-2 | pool: 1988 | len: 52 | time: 1.03
2025-12-01 19:01:08,257 - INFO - coro-3 | pool: 1992 | len: 32 | time: 0.68
2025-12-01 19:01:08,402 - INFO - coro-1 | pool: 1987 | len: 9 | time: 0.85
2025-12-01 19:01:09,204 - INFO - coro-1 | pool: 1986 | len: 8 | time: 0.80
2025-12-01 19:01:09,972 - INFO - coro-1 | pool: 1985 | len: 7 | time: 0.77
2025-12-01 19:01:10,346 - INFO - coro-2 | pool: 1984 | len: 51 | time: 1.68
2025-12-01 19:01:10,495 - INFO - coro-3 | pool: 1989 | len: 31 | time: 0.66
2025-12-01 19:01:10,496 - INFO - coro-1 | pool: 1990 | len: 6 | time: 0.52
2025-12-01 19:01:11,047 - INFO - coro-1 | pool: 1988 | len: 5 | time: 0.55
2025-12-01 19:01:11,282 - INFO - coro-3 | pool: 1983 | len: 30 | time: 0.63
2025-12-01 19:01:11,410 - INFO - coro-2 | pool: 1987 | len: 50 | time: 1.02
2025-12-01 19:01:11,603 - INFO - coro-1 | pool: 1982 | len: 4 | time: 0.55
2025-12-01 19:01:11,933 - INFO - coro-3 | pool: 1986 | len: 29 | time: 0.65
2025-12-01 19:01:12,082 - INFO - coro-1 | pool: 1985 | len: 3 | time: 0.48
2025-12-01 19:01:12,174 - INFO - coro-2 | pool: 1980 | len: 49 | time: 0.74
2025-12-01 19:01:12,623 - INFO - coro-1 | pool: 1981 | len: 2 | time: 0.54
2025-12-01 19:01:12,935 - INFO - coro-2 | pool: 1979 | len: 48 | time: 0.73
2025-12-01 19:01:13,005 - INFO - coro-3 | pool: 1978 | len: 28 | time: 0.90
2025-12-01 19:01:13,731 - INFO - coro-2 | pool: 1984 | len: 47 | time: 0.77
2025-12-01 19:01:14,202 - INFO - coro-1 | pool: 1983 | len: 1 | time: 1.58
2025-12-01 19:01:14,203 - INFO - coro-3 | pool: 1981 | len: 27 | time: 0.65
2025-12-01 19:01:14,466 - INFO - coro-2 | pool: 1982 | len: 46 | time: 0.70
2025-12-01 19:01:14,742 - INFO - coro-1 | pool: 1977 | len: 0 | time: 0.54
2025-12-01 19:01:15,214 - INFO - coro-3 | pool: 1976 | len: 26 | time: 1.01
2025-12-01 19:01:15,239 - INFO - coro-2 | pool: 1975 | len: 45 | time: 0.74
2025-12-01 19:01:15,873 - INFO - coro-2 | pool: 1974 | len: 44 | time: 0.63
2025-12-01 19:01:16,359 - INFO - coro-3 | pool: 1973 | len: 25 | time: 1.14
2025-12-01 19:01:16,791 - INFO - coro-2 | pool: 1980 | len: 43 | time: 0.91
2025-12-01 19:01:17,039 - INFO - coro-3 | pool: 1972 | len: 24 | time: 0.68
2025-12-01 19:01:17,962 - INFO - coro-3 | pool: 1971 | len: 23 | time: 0.57
2025-12-01 19:01:18,550 - INFO - coro-3 | pool: 1979 | len: 22 | time: 0.59
2025-12-01 19:01:19,239 - INFO - coro-3 | pool: 1970 | len: 21 | time: 0.69
2025-12-01 19:01:19,619 - INFO - coro-2 | pool: 1969 | len: 42 | time: 2.68
2025-12-01 19:01:19,952 - INFO - coro-3 | pool: 1978 | len: 20 | time: 0.71
2025-12-01 19:01:20,628 - INFO - coro-2 | pool: 1968 | len: 41 | time: 1.00
2025-12-01 19:01:21,521 - INFO - coro-3 | pool: 1967 | len: 19 | time: 1.02
2025-12-01 19:01:21,680 - INFO - coro-2 | pool: 1977 | len: 40 | time: 1.04
2025-12-01 19:01:22,377 - INFO - coro-3 | pool: 1976 | len: 18 | time: 0.85
2025-12-01 19:01:22,437 - INFO - coro-2 | pool: 1975 | len: 39 | time: 0.75
2025-12-01 19:01:23,091 - INFO - coro-2 | pool: 1966 | len: 38 | time: 0.65
2025-12-01 19:01:23,322 - INFO - coro-3 | pool: 1965 | len: 17 | time: 0.94
2025-12-01 19:01:23,955 - INFO - coro-2 | pool: 1964 | len: 37 | time: 0.86
2025-12-01 19:01:24,255 - INFO - coro-3 | pool: 1963 | len: 16 | time: 0.80
2025-12-01 19:01:26,090 - INFO - coro-3 | pool: 1974 | len: 15 | time: 1.83
2025-12-01 19:01:26,232 - INFO - coro-2 | pool: 1973 | len: 36 | time: 2.27
2025-12-01 19:01:26,978 - INFO - coro-3 | pool: 1972 | len: 14 | time: 0.89
2025-12-01 19:01:27,274 - INFO - coro-2 | pool: 1971 | len: 35 | time: 1.04
2025-12-01 19:01:28,155 - INFO - coro-3 | pool: 1970 | len: 13 | time: 1.17
2025-12-01 19:01:28,847 - INFO - coro-3 | pool: 1968 | len: 12 | time: 0.69
2025-12-01 19:01:29,412 - INFO - coro-2 | pool: 1967 | len: 34 | time: 2.13
2025-12-01 19:01:30,419 - INFO - coro-3 | pool: 1969 | len: 11 | time: 1.39
2025-12-01 19:01:30,689 - INFO - coro-2 | pool: 1966 | len: 33 | time: 1.14
2025-12-01 19:01:31,804 - INFO - coro-2 | pool: 1965 | len: 32 | time: 0.82
2025-12-01 19:01:32,230 - INFO - coro-3 | pool: 1963 | len: 10 | time: 0.86
2025-12-01 19:01:32,678 - INFO - coro-2 | pool: 1964 | len: 31 | time: 0.71
2025-12-01 19:01:33,562 - INFO - coro-3 | pool: 1962 | len: 9 | time: 1.33
2025-12-01 19:01:34,969 - INFO - coro-3 | pool: 1961 | len: 8 | time: 1.40
2025-12-01 19:01:35,807 - INFO - coro-3 | pool: 1960 | len: 7 | time: 0.84
2025-12-01 19:01:40,380 - INFO - coro-3 | pool: 1959 | len: 6 | time: 1.21
2025-12-01 19:01:40,384 - WARNING - coro-3 | ClientConnectionError: Retrying... Attempt 1/5
2025-12-01 19:01:40,385 - ERROR - Unexpected error during fetch: unhandled errors in a TaskGroup (1 sub-exception)
2025-12-01 19:01:40,385 - ERROR - Sub-exception: `auto-header` is used but ratelimit related header does not exist.
2025-12-01 19:01:40,385 - ERROR - Error collecting from r/Ozempic: `auto-header` is used but ratelimit related header does not exist.
2025-12-01 19:01:41,387 - INFO -   Searching r/Semaglutide for 'semaglutide' (2023-01-01 to 2023-12-31)
2025-12-01 19:01:41,401 - WARNING - coro-1 | ClientConnectionError: Retrying... Attempt 1/5
2025-12-01 19:01:41,401 - WARNING - coro-3 | ClientConnectionError: Retrying... Attempt 1/5
2025-12-01 19:01:41,401 - ERROR - Unexpected error during fetch: unhandled errors in a TaskGroup (2 sub-exceptions)
2025-12-01 19:01:41,402 - ERROR - Sub-exception: `auto-header` is used but ratelimit related header does not exist.
2025-12-01 19:01:41,402 - ERROR - Error collecting from r/Semaglutide: `auto-header` is used but ratelimit related header does not exist.
2025-12-01 19:01:42,403 - INFO -   Searching r/Semaglutide for 'ozempic' (2023-01-01 to 2023-12-31)
2025-12-01 19:01:42,411 - WARNING - coro-1 | ClientConnectionError: Retrying... Attempt 1/5
2025-12-01 19:01:42,412 - ERROR - Unexpected error during fetch: unhandled errors in a TaskGroup (1 sub-exception)
2025-12-01 19:01:42,412 - ERROR - Sub-exception: `auto-header` is used but ratelimit related header does not exist.
2025-12-01 19:01:42,413 - ERROR - Error collecting from r/Semaglutide: `auto-header` is used but ratelimit related header does not exist.
2025-12-01 19:01:43,414 - INFO -   Searching r/Semaglutide for 'wegovy' (2023-01-01 to 2023-12-31)
2025-12-01 19:01:43,422 - WARNING - coro-1 | ClientConnectionError: Retrying... Attempt 1/5
2025-12-01 19:01:43,422 - ERROR - Unexpected error during fetch: unhandled errors in a TaskGroup (1 sub-exception)
2025-12-01 19:01:43,423 - ERROR - Sub-exception: `auto-header` is used but ratelimit related header does not exist.
2025-12-01 19:01:43,423 - ERROR - Error collecting from r/Semaglutide: `auto-header` is used but ratelimit related header does not exist.
2025-12-01 19:01:44,424 - INFO -   Searching r/Semaglutide for 'rybelsus' (2023-01-01 to 2023-12-31)
2025-12-01 19:01:45,755 - INFO - coro-1 | pool: 1958 | len: 100 | time: 1.01
2025-12-01 19:01:45,770 - INFO - coro-3 | pool: 1955 | len: 100 | time: 1.20
2025-12-01 19:01:46,803 - INFO - coro-3 | pool: 1956 | len: 99 | time: 0.90
2025-12-01 19:01:46,812 - INFO - coro-2 | pool: 1954 | len: 100 | time: 0.81
2025-12-01 19:01:47,236 - INFO - coro-1 | pool: 1957 | len: 99 | time: 1.21
2025-12-01 19:01:47,985 - INFO - coro-2 | pool: 1953 | len: 99 | time: 0.90
2025-12-01 19:01:48,381 - INFO - coro-1 | pool: 1952 | len: 98 | time: 1.00
2025-12-01 19:01:48,957 - INFO - coro-2 | pool: 1951 | len: 98 | time: 0.79
2025-12-01 19:01:48,957 - INFO - pool refilled!
2025-12-01 19:01:49,293 - INFO - coro-1 | pool: 1949 | len: 97 | time: 0.70
2025-12-01 19:01:50,417 - INFO - coro-3 | pool: 1948 | len: 98 | time: 1.82
2025-12-01 19:01:50,651 - INFO - coro-2 | pool: 1950 | len: 97 | time: 0.93
2025-12-01 19:01:50,725 - INFO - coro-1 | pool: 1947 | len: 96 | time: 1.13
2025-12-01 19:01:51,389 - INFO - coro-3 | pool: 1946 | len: 97 | time: 0.77
2025-12-01 19:01:51,914 - INFO - coro-1 | pool: 1945 | len: 95 | time: 0.97
2025-12-01 19:01:52,246 - INFO - coro-3 | pool: 1943 | len: 96 | time: 0.57
2025-12-01 19:01:52,281 - INFO - coro-2 | pool: 1942 | len: 96 | time: 0.88
2025-12-01 19:01:52,667 - INFO - coro-1 | pool: 1944 | len: 94 | time: 0.58
2025-12-01 19:01:53,112 - INFO - coro-2 | pool: 1941 | len: 95 | time: 0.68
2025-12-01 19:01:53,715 - INFO - coro-1 | pool: 1940 | len: 93 | time: 0.87
2025-12-01 19:01:54,156 - INFO - coro-2 | pool: 1939 | len: 94 | time: 0.89
2025-12-01 19:01:54,795 - INFO - coro-1 | pool: 1937 | len: 92 | time: 0.91
2025-12-01 19:01:55,714 - INFO - coro-3 | pool: 1936 | len: 95 | time: 1.29
2025-12-01 19:01:55,725 - INFO - coro-2 | pool: 1938 | len: 93 | time: 1.46
2025-12-01 19:01:56,501 - INFO - coro-1 | pool: 1935 | len: 91 | time: 1.17
2025-12-01 19:01:56,848 - INFO - coro-2 | pool: 1934 | len: 92 | time: 0.94
2025-12-01 19:01:57,500 - INFO - coro-1 | pool: 1933 | len: 90 | time: 0.82
2025-12-01 19:01:58,266 - INFO - coro-3 | pool: 1931 | len: 94 | time: 0.91
2025-12-01 19:01:58,853 - INFO - coro-1 | pool: 1932 | len: 89 | time: 0.70
2025-12-01 19:01:58,945 - INFO - coro-3 | pool: 1930 | len: 93 | time: 0.51
2025-12-01 19:01:59,780 - INFO - coro-1 | pool: 1929 | len: 88 | time: 0.56
2025-12-01 19:01:59,783 - INFO - coro-3 | pool: 1928 | len: 92 | time: 0.62
2025-12-01 19:01:59,958 - INFO - coro-2 | pool: 1962 | len: 91 | time: 2.93
2025-12-01 19:02:00,836 - INFO - coro-1 | pool: 1927 | len: 87 | time: 1.05
2025-12-01 19:02:01,732 - INFO - coro-3 | pool: 1999 | len: 91 | time: 1.04
2025-12-01 19:02:02,280 - INFO - coro-3 | pool: 1999 | len: 90 | time: 0.51
2025-12-01 19:02:02,567 - INFO - coro-2 | pool: 1998 | len: 90 | time: 1.39
2025-12-01 19:02:02,934 - INFO - coro-3 | pool: 1998 | len: 89 | time: 0.65
2025-12-01 19:02:03,075 - INFO - coro-1 | pool: 1997 | len: 86 | time: 1.34
2025-12-01 19:02:03,298 - INFO - coro-2 | pool: 1997 | len: 89 | time: 0.69
2025-12-01 19:02:03,670 - INFO - coro-3 | pool: 1996 | len: 88 | time: 0.57
2025-12-01 19:02:03,776 - INFO - coro-1 | pool: 1996 | len: 85 | time: 0.66
2025-12-01 19:02:04,107 - INFO - coro-2 | pool: 1995 | len: 88 | time: 0.67
2025-12-01 19:02:04,315 - INFO - coro-3 | pool: 1995 | len: 87 | time: 0.61
2025-12-01 19:02:04,651 - INFO - coro-1 | pool: 1994 | len: 84 | time: 0.84
2025-12-01 19:02:05,860 - INFO - coro-3 | pool: 1994 | len: 86 | time: 0.97
2025-12-01 19:02:06,309 - INFO - coro-2 | pool: 1993 | len: 87 | time: 1.34
2025-12-01 19:02:06,742 - INFO - coro-1 | pool: 1992 | len: 83 | time: 1.42
2025-12-01 19:02:07,424 - INFO - coro-2 | pool: 1991 | len: 86 | time: 0.85
2025-12-01 19:02:07,463 - INFO - coro-1 | pool: 1990 | len: 82 | time: 0.55
2025-12-01 19:02:08,394 - INFO - coro-3 | pool: 1989 | len: 85 | time: 1.59
2025-12-01 19:02:08,447 - INFO - coro-2 | pool: 1988 | len: 85 | time: 0.88
2025-12-01 19:02:09,058 - INFO - coro-1 | pool: 1987 | len: 81 | time: 1.41
2025-12-01 19:02:09,744 - INFO - coro-3 | pool: 1986 | len: 84 | time: 1.34
2025-12-01 19:02:09,746 - INFO - coro-1 | pool: 1984 | len: 80 | time: 0.52
2025-12-01 19:02:10,096 - INFO - coro-2 | pool: 1983 | len: 84 | time: 0.97
2025-12-01 19:02:17,758 - INFO - coro-3 | pool: 1985 | len: 83 | time: 7.86
2025-12-01 19:02:17,834 - INFO - coro-2 | pool: 1981 | len: 83 | time: 7.56
2025-12-01 19:02:17,875 - INFO - coro-1 | pool: 1980 | len: 79 | time: 7.85
2025-12-01 19:02:18,790 - INFO - coro-3 | pool: 1982 | len: 82 | time: 1.02
2025-12-01 19:02:28,061 - WARNING - coro-1 | TimeoutError: Retrying... Attempt 1/5
2025-12-01 19:02:28,062 - WARNING - coro-2 | TimeoutError: Retrying... Attempt 1/5
2025-12-01 19:02:28,062 - ERROR - Unexpected error during fetch: unhandled errors in a TaskGroup (2 sub-exceptions)
2025-12-01 19:02:28,062 - ERROR - Sub-exception: `auto-header` is used but ratelimit related header does not exist.
2025-12-01 19:02:28,063 - ERROR - Error collecting from r/Semaglutide: `auto-header` is used but ratelimit related header does not exist.
2025-12-01 19:02:29,064 - INFO -   Searching r/WeightLossAdvice for 'semaglutide' (2023-01-01 to 2023-12-31)
2025-12-01 19:02:40,061 - WARNING - coro-1 | TimeoutError: Retrying... Attempt 1/5
2025-12-01 19:02:40,062 - WARNING - coro-2 | TimeoutError: Retrying... Attempt 1/5
2025-12-01 19:02:40,062 - WARNING - coro-3 | TimeoutError: Retrying... Attempt 1/5
2025-12-01 19:02:40,063 - ERROR - Unexpected error during fetch: unhandled errors in a TaskGroup (3 sub-exceptions)
2025-12-01 19:02:40,063 - ERROR - Sub-exception: `auto-header` is used but ratelimit related header does not exist.
2025-12-01 19:02:40,063 - ERROR - Error collecting from r/WeightLossAdvice: `auto-header` is used but ratelimit related header does not exist.
2025-12-01 19:02:41,064 - INFO -   Searching r/WeightLossAdvice for 'ozempic' (2023-01-01 to 2023-12-31)
2025-12-01 19:02:41,079 - WARNING - coro-1 | ClientConnectionError: Retrying... Attempt 1/5
2025-12-01 19:02:41,080 - ERROR - Unexpected error during fetch: unhandled errors in a TaskGroup (1 sub-exception)
2025-12-01 19:02:41,080 - ERROR - Sub-exception: `auto-header` is used but ratelimit related header does not exist.
2025-12-01 19:02:41,080 - ERROR - Error collecting from r/WeightLossAdvice: `auto-header` is used but ratelimit related header does not exist.
2025-12-01 19:02:42,084 - INFO -   Searching r/WeightLossAdvice for 'wegovy' (2023-01-01 to 2023-12-31)
2025-12-01 19:02:50,776 - ERROR - coro-1 | 422
{"data":null,"error":"Timeout. Maybe slow down a bit"}

2025-12-01 19:02:50,776 - INFO - pool refilled!
2025-12-01 19:02:50,777 - ERROR - coro-2 | 422
{"data":null,"error":"Timeout. Maybe slow down a bit"}

2025-12-01 19:02:50,783 - ERROR - coro-3 | 422
{"data":null,"error":"Timeout. Maybe slow down a bit"}

2025-12-01 19:02:58,719 - ERROR - coro-3 | 422
{"data":null,"error":"Timeout. Maybe slow down a bit"}

2025-12-01 19:03:00,933 - ERROR - coro-1 | 422
{"data":null,"error":"Timeout. Maybe slow down a bit"}

2025-12-01 19:03:00,938 - ERROR - coro-2 | 422
{"data":null,"error":"Timeout. Maybe slow down a bit"}

2025-12-01 19:03:05,510 - INFO - coro-3 | pool: 1990 | len: 28 | time: 6.79
2025-12-01 19:03:06,583 - INFO - coro-1 | pool: 1989 | len: 20 | time: 5.65
2025-12-01 19:03:08,989 - ERROR - coro-2 | 422
{"data":null,"error":"Timeout. Maybe slow down a bit"}

2025-12-01 19:03:13,515 - INFO - coro-3 | pool: 1999 | len: 27 | time: 8.00
2025-12-01 19:03:13,575 - INFO - coro-1 | pool: 1998 | len: 19 | time: 6.99
2025-12-01 19:03:14,754 - INFO - coro-2 | pool: 1997 | len: 22 | time: 5.76
2025-12-01 19:03:14,755 - INFO - coro-1 | pool: 1996 | len: 18 | time: 1.18
2025-12-01 19:03:15,851 - INFO - coro-2 | pool: 1995 | len: 21 | time: 1.09
2025-12-01 19:03:16,497 - INFO - coro-1 | pool: 1993 | len: 17 | time: 1.74
2025-12-01 19:03:21,692 - ERROR - coro-3 | 422
{"data":null,"error":"Timeout. Maybe slow down a bit"}

2025-12-01 19:03:26,058 - WARNING - coro-2 | TimeoutError: Retrying... Attempt 1/5
2025-12-01 19:03:26,059 - ERROR - Unexpected error during fetch: unhandled errors in a TaskGroup (1 sub-exception)
2025-12-01 19:03:26,060 - ERROR - Sub-exception: `auto-header` is used but ratelimit related header does not exist.
2025-12-01 19:03:26,060 - ERROR - Error collecting from r/WeightLossAdvice: `auto-header` is used but ratelimit related header does not exist.
2025-12-01 19:03:27,061 - INFO -   Searching r/WeightLossAdvice for 'rybelsus' (2023-01-01 to 2023-12-31)
2025-12-01 19:03:35,990 - ERROR - coro-1 | 422
{"data":null,"error":"Timeout. Maybe slow down a bit"}

2025-12-01 19:03:35,992 - ERROR - coro-3 | 422
{"data":null,"error":"Timeout. Maybe slow down a bit"}

2025-12-01 19:03:35,993 - ERROR - coro-2 | 422
{"data":null,"error":"Timeout. Maybe slow down a bit"}

2025-12-01 19:03:39,666 - INFO - coro-2 | pool: 1991 | len: 3 | time: 3.67
2025-12-01 19:03:39,672 - WARNING - coro-2 | ClientConnectionError: Retrying... Attempt 1/5
2025-12-01 19:03:39,673 - ERROR - Unexpected error during fetch: unhandled errors in a TaskGroup (1 sub-exception)
2025-12-01 19:03:39,673 - ERROR - Sub-exception: `auto-header` is used but ratelimit related header does not exist.
2025-12-01 19:03:39,673 - ERROR - Error collecting from r/WeightLossAdvice: `auto-header` is used but ratelimit related header does not exist.
2025-12-01 19:03:40,674 - INFO -   Searching r/diabetes_t2 for 'semaglutide' (2023-01-01 to 2023-12-31)
2025-12-01 19:03:40,682 - WARNING - coro-2 | ClientConnectionError: Retrying... Attempt 1/5
2025-12-01 19:03:40,683 - ERROR - Unexpected error during fetch: unhandled errors in a TaskGroup (1 sub-exception)
2025-12-01 19:03:40,683 - ERROR - Sub-exception: `auto-header` is used but ratelimit related header does not exist.
2025-12-01 19:03:40,683 - ERROR - Error collecting from r/diabetes_t2: `auto-header` is used but ratelimit related header does not exist.
2025-12-01 19:03:41,685 - INFO -   Searching r/diabetes_t2 for 'ozempic' (2023-01-01 to 2023-12-31)
2025-12-01 19:03:41,711 - WARNING - coro-1 | ClientConnectionError: Retrying... Attempt 1/5
2025-12-01 19:03:41,735 - ERROR - Unexpected error during fetch: unhandled errors in a TaskGroup (1 sub-exception)
2025-12-01 19:03:41,735 - ERROR - Sub-exception: `auto-header` is used but ratelimit related header does not exist.
2025-12-01 19:03:41,735 - ERROR - Error collecting from r/diabetes_t2: `auto-header` is used but ratelimit related header does not exist.
2025-12-01 19:03:42,736 - INFO -   Searching r/diabetes_t2 for 'wegovy' (2023-01-01 to 2023-12-31)
2025-12-01 19:03:50,815 - ERROR - coro-1 | 422
{"data":null,"error":"Timeout. Maybe slow down a bit"}

2025-12-01 19:03:50,817 - INFO - pool refilled!
2025-12-01 19:03:51,456 - ERROR - coro-2 | 422
{"data":null,"error":"Timeout. Maybe slow down a bit"}

2025-12-01 19:03:51,457 - ERROR - coro-3 | 422
{"data":null,"error":"Timeout. Maybe slow down a bit"}

2025-12-01 19:03:59,146 - ERROR - coro-1 | 422
{"data":null,"error":"Timeout. Maybe slow down a bit"}

2025-12-01 19:04:02,058 - WARNING - coro-3 | TimeoutError: Retrying... Attempt 2/5
2025-12-01 19:04:02,059 - WARNING - coro-2 | TimeoutError: Retrying... Attempt 2/5
2025-12-01 19:04:02,059 - ERROR - Unexpected error during fetch: unhandled errors in a TaskGroup (2 sub-exceptions)
2025-12-01 19:04:02,060 - ERROR - Sub-exception: `auto-header` is used but ratelimit related header does not exist.
2025-12-01 19:04:02,060 - ERROR - Error collecting from r/diabetes_t2: `auto-header` is used but ratelimit related header does not exist.
2025-12-01 19:04:03,060 - INFO -   Searching r/diabetes_t2 for 'rybelsus' (2023-01-01 to 2023-12-31)
2025-12-01 19:04:10,755 - INFO - coro-3 | pool: 1986 | len: 15 | time: 7.69
2025-12-01 19:04:13,579 - ERROR - coro-2 | 422
{"data":null,"error":"Timeout. Maybe slow down a bit"}

2025-12-01 19:04:13,580 - ERROR - coro-1 | 422
{"data":null,"error":"Timeout. Maybe slow down a bit"}

2025-12-01 19:04:14,341 - INFO - coro-3 | pool: 1997 | len: 14 | time: 2.82
2025-12-01 19:04:15,065 - INFO - coro-3 | pool: 1995 | len: 13 | time: 0.72
2025-12-01 19:04:15,291 - INFO - coro-2 | pool: 1998 | len: 18 | time: 0.82
2025-12-01 19:04:16,427 - INFO - coro-3 | pool: 1994 | len: 12 | time: 1.36
2025-12-01 19:04:17,150 - INFO - coro-3 | pool: 1993 | len: 11 | time: 0.72
2025-12-01 19:04:18,210 - INFO - coro-3 | pool: 1996 | len: 10 | time: 0.55
2025-12-01 19:04:19,242 - INFO - coro-3 | pool: 1992 | len: 9 | time: 0.81
2025-12-01 19:04:19,785 - INFO - coro-3 | pool: 1991 | len: 8 | time: 0.54
2025-12-01 19:04:20,319 - INFO - coro-3 | pool: 1995 | len: 7 | time: 0.53
2025-12-01 19:04:20,881 - INFO - coro-3 | pool: 1994 | len: 6 | time: 0.56
2025-12-01 19:04:21,483 - INFO - coro-3 | pool: 1990 | len: 5 | time: 0.60
2025-12-01 19:04:21,516 - ERROR - coro-1 | 422
{"data":null,"error":"Timeout. Maybe slow down a bit"}

2025-12-01 19:04:22,117 - INFO - coro-3 | pool: 1999 | len: 4 | time: 0.63
2025-12-01 19:04:22,642 - INFO - coro-3 | pool: 1992 | len: 3 | time: 0.52
2025-12-01 19:04:23,182 - INFO - coro-3 | pool: 1991 | len: 2 | time: 0.54
2025-12-01 19:04:23,436 - ERROR - coro-2 | 422
{"data":null,"error":"Timeout. Maybe slow down a bit"}

2025-12-01 19:04:24,735 - INFO - coro-2 | pool: 1997 | len: 17 | time: 0.77
2025-12-01 19:04:25,325 - INFO - coro-2 | pool: 1988 | len: 16 | time: 0.58
2025-12-01 19:04:26,785 - INFO - coro-2 | pool: 1988 | len: 15 | time: 1.46
2025-12-01 19:04:27,416 - INFO - coro-2 | pool: 1987 | len: 14 | time: 0.63
2025-12-01 19:04:28,054 - INFO - coro-2 | pool: 1987 | len: 13 | time: 0.64
2025-12-01 19:04:28,866 - INFO - coro-2 | pool: 1986 | len: 12 | time: 0.63
2025-12-01 19:04:29,551 - ERROR - coro-1 | 422
{"data":null,"error":"Timeout. Maybe slow down a bit"}

2025-12-01 19:04:30,452 - INFO - coro-1 | pool: 1993 | len: 9 | time: 0.89
2025-12-01 19:04:31,100 - INFO - coro-1 | pool: 1984 | len: 8 | time: 0.65
2025-12-01 19:04:31,438 - ERROR - coro-3 | 422
{"data":null,"error":"Timeout. Maybe slow down a bit"}

2025-12-01 19:04:33,208 - INFO - coro-3 | pool: 1989 | len: 1 | time: 1.77
2025-12-01 19:04:34,001 - INFO - coro-3 | pool: 1983 | len: 0 | time: 0.79
2025-12-01 19:04:37,213 - ERROR - coro-2 | 422
{"data":null,"error":"Timeout. Maybe slow down a bit"}

2025-12-01 19:04:39,390 - ERROR - coro-1 | 422
{"data":null,"error":"Timeout. Maybe slow down a bit"}

2025-12-01 19:04:39,394 - WARNING - coro-1 | ClientConnectionError: Retrying... Attempt 2/5
2025-12-01 19:04:39,395 - ERROR - Unexpected error during fetch: unhandled errors in a TaskGroup (1 sub-exception)
2025-12-01 19:04:39,395 - ERROR - Sub-exception: `auto-header` is used but ratelimit related header does not exist.
2025-12-01 19:04:39,395 - ERROR - Error collecting from r/diabetes_t2: `auto-header` is used but ratelimit related header does not exist.
2025-12-01 19:04:40,396 - INFO -   Searching r/diabetes for 'semaglutide' (2023-01-01 to 2023-12-31)
2025-12-01 19:04:40,405 - WARNING - coro-2 | ClientConnectionError: Retrying... Attempt 1/5
2025-12-01 19:04:40,405 - WARNING - coro-1 | ClientConnectionError: Retrying... Attempt 1/5
2025-12-01 19:04:40,405 - ERROR - Unexpected error during fetch: unhandled errors in a TaskGroup (2 sub-exceptions)
2025-12-01 19:04:40,406 - ERROR - Sub-exception: `auto-header` is used but ratelimit related header does not exist.
2025-12-01 19:04:40,406 - ERROR - Error collecting from r/diabetes: `auto-header` is used but ratelimit related header does not exist.
2025-12-01 19:04:41,407 - INFO -   Searching r/diabetes for 'ozempic' (2023-01-01 to 2023-12-31)
2025-12-01 19:04:41,417 - WARNING - coro-1 | ClientConnectionError: Retrying... Attempt 1/5
2025-12-01 19:04:41,417 - ERROR - Unexpected error during fetch: unhandled errors in a TaskGroup (1 sub-exception)
2025-12-01 19:04:41,417 - ERROR - Sub-exception: `auto-header` is used but ratelimit related header does not exist.
2025-12-01 19:04:41,417 - ERROR - Error collecting from r/diabetes: `auto-header` is used but ratelimit related header does not exist.
2025-12-01 19:04:42,418 - INFO -   Searching r/diabetes for 'wegovy' (2023-01-01 to 2023-12-31)
2025-12-01 19:04:43,567 - INFO - coro-1 | pool: 1984 | len: 1 | time: 1.15
2025-12-01 19:04:44,773 - INFO - coro-1 | pool: 1982 | len: 0 | time: 1.20
2025-12-01 19:04:45,187 - INFO - coro-2 | pool: 1980 | len: 7 | time: 2.21
2025-12-01 19:04:46,154 - INFO - coro-2 | pool: 1981 | len: 6 | time: 0.97
2025-12-01 19:04:47,082 - INFO - coro-2 | pool: 1981 | len: 5 | time: 0.92
2025-12-01 19:04:47,668 - INFO - coro-2 | pool: 1979 | len: 4 | time: 0.58
2025-12-01 19:04:48,220 - INFO - coro-2 | pool: 1980 | len: 3 | time: 0.55
2025-12-01 19:04:48,808 - INFO - coro-2 | pool: 1979 | len: 2 | time: 0.59
2025-12-01 19:04:49,432 - INFO - coro-2 | pool: 1978 | len: 1 | time: 0.62
2025-12-01 19:04:50,057 - INFO - coro-2 | pool: 1977 | len: 0 | time: 0.62
2025-12-01 19:04:50,422 - ERROR - coro-3 | 422
{"data":null,"error":"Timeout. Maybe slow down a bit"}

2025-12-01 19:04:58,415 - ERROR - coro-3 | 422
{"data":null,"error":"Timeout. Maybe slow down a bit"}

2025-12-01 19:04:58,415 - INFO - pool refilled!
2025-12-01 19:05:02,947 - INFO - coro-3 | pool: 1975 | len: 4 | time: 4.53
2025-12-01 19:05:03,688 - INFO - coro-3 | pool: 1974 | len: 3 | time: 0.74
2025-12-01 19:05:04,333 - INFO - coro-3 | pool: 1999 | len: 2 | time: 0.64
2025-12-01 19:05:04,880 - INFO - coro-3 | pool: 1998 | len: 1 | time: 0.55
2025-12-01 19:05:06,075 - INFO - coro-3 | pool: 1997 | len: 0 | time: 1.19
2025-12-01 19:05:06,078 - INFO -     Found 12 posts
2025-12-01 19:05:07,080 - INFO -   Searching r/diabetes for 'rybelsus' (2023-01-01 to 2023-12-31)
2025-12-01 19:05:07,764 - INFO - coro-3 | pool: 1999 | len: 9 | time: 0.68
2025-12-01 19:05:07,889 - INFO - coro-1 | pool: 1996 | len: 9 | time: 0.81
2025-12-01 19:05:08,169 - INFO - coro-2 | pool: 1998 | len: 7 | time: 1.09
2025-12-01 19:05:08,527 - INFO - coro-3 | pool: 1997 | len: 8 | time: 0.76
2025-12-01 19:05:08,540 - INFO - coro-1 | pool: 1995 | len: 8 | time: 0.65
2025-12-01 19:05:08,920 - INFO - coro-2 | pool: 1994 | len: 6 | time: 0.75
2025-12-01 19:05:09,122 - INFO - coro-3 | pool: 1993 | len: 7 | time: 0.59
2025-12-01 19:05:09,414 - INFO - coro-1 | pool: 1996 | len: 7 | time: 0.87
2025-12-01 19:05:09,754 - INFO - coro-3 | pool: 1992 | len: 6 | time: 0.63
2025-12-01 19:05:09,852 - INFO - coro-2 | pool: 1991 | len: 5 | time: 0.93
2025-12-01 19:05:10,101 - INFO - coro-1 | pool: 1995 | len: 6 | time: 0.68
2025-12-01 19:05:10,471 - INFO - coro-3 | pool: 1990 | len: 5 | time: 0.72
2025-12-01 19:05:10,474 - INFO - coro-2 | pool: 1989 | len: 4 | time: 0.62
2025-12-01 19:05:10,699 - INFO - coro-1 | pool: 1988 | len: 5 | time: 0.60
2025-12-01 19:05:11,148 - INFO - coro-2 | pool: 1987 | len: 3 | time: 0.67
2025-12-01 19:05:11,325 - INFO - coro-1 | pool: 1986 | len: 4 | time: 0.62
2025-12-01 19:05:11,693 - INFO - coro-2 | pool: 1985 | len: 2 | time: 0.54
2025-12-01 19:05:11,849 - INFO - coro-3 | pool: 1984 | len: 4 | time: 1.38
2025-12-01 19:05:11,979 - INFO - coro-1 | pool: 1994 | len: 3 | time: 0.65
2025-12-01 19:05:12,282 - INFO - coro-2 | pool: 1983 | len: 1 | time: 0.58
2025-12-01 19:05:12,724 - INFO - coro-1 | pool: 1982 | len: 2 | time: 0.74
2025-12-01 19:05:12,786 - INFO - coro-2 | pool: 1981 | len: 0 | time: 0.50
2025-12-01 19:05:12,825 - INFO - coro-3 | pool: 1979 | len: 3 | time: 0.97
2025-12-01 19:05:13,328 - INFO - coro-1 | pool: 1980 | len: 1 | time: 0.60
2025-12-01 19:05:13,891 - INFO - coro-1 | pool: 1993 | len: 0 | time: 0.56
2025-12-01 19:05:14,319 - INFO - coro-3 | pool: 1978 | len: 2 | time: 1.49
2025-12-01 19:05:14,907 - INFO - coro-3 | pool: 1992 | len: 1 | time: 0.59
2025-12-01 19:05:15,476 - INFO - coro-3 | pool: 1977 | len: 0 | time: 0.57
2025-12-01 19:05:15,484 - INFO -     Found 25 posts
2025-12-01 19:05:16,486 - INFO -   Searching r/loseit for 'semaglutide' (2023-01-01 to 2023-12-31)
2025-12-01 19:05:20,998 - INFO - coro-1 | pool: 1976 | len: 15 | time: 3.90
2025-12-01 19:05:24,097 - INFO - coro-3 | pool: 1990 | len: 45 | time: 7.46
2025-12-01 19:05:24,283 - INFO - coro-1 | pool: 1991 | len: 14 | time: 3.28
2025-12-01 19:05:25,539 - INFO - coro-2 | pool: 1988 | len: 32 | time: 8.88
2025-12-01 19:05:25,733 - INFO - coro-1 | pool: 1989 | len: 13 | time: 1.45
2025-12-01 19:05:27,680 - INFO - coro-2 | pool: 1987 | len: 31 | time: 1.98
2025-12-01 19:05:27,994 - INFO - coro-1 | pool: 1985 | len: 12 | time: 2.25
2025-12-01 19:05:28,068 - INFO - coro-3 | pool: 1984 | len: 44 | time: 3.57
2025-12-01 19:05:30,282 - INFO - coro-3 | pool: 1986 | len: 43 | time: 1.95
2025-12-01 19:05:31,420 - INFO - coro-2 | pool: 1983 | len: 30 | time: 3.42
2025-12-01 19:05:32,151 - INFO - coro-1 | pool: 1982 | len: 11 | time: 3.99
2025-12-01 19:05:33,441 - INFO - coro-3 | pool: 1981 | len: 42 | time: 2.88
2025-12-01 19:05:35,372 - INFO - coro-2 | pool: 1980 | len: 29 | time: 3.94
2025-12-01 19:05:35,377 - WARNING - coro-2 | ClientConnectionError: Retrying... Attempt 1/5
2025-12-01 19:05:35,377 - ERROR - Unexpected error during fetch: unhandled errors in a TaskGroup (1 sub-exception)
2025-12-01 19:05:35,377 - ERROR - Sub-exception: `auto-header` is used but ratelimit related header does not exist.
2025-12-01 19:05:35,377 - ERROR - Error collecting from r/loseit: `auto-header` is used but ratelimit related header does not exist.
2025-12-01 19:05:36,379 - INFO -   Searching r/loseit for 'ozempic' (2023-01-01 to 2023-12-31)
2025-12-01 19:05:36,385 - WARNING - coro-1 | ClientConnectionError: Retrying... Attempt 1/5
2025-12-01 19:05:36,386 - ERROR - Unexpected error during fetch: unhandled errors in a TaskGroup (1 sub-exception)
2025-12-01 19:05:36,386 - ERROR - Sub-exception: `auto-header` is used but ratelimit related header does not exist.
2025-12-01 19:05:36,386 - ERROR - Error collecting from r/loseit: `auto-header` is used but ratelimit related header does not exist.
2025-12-01 19:05:37,388 - INFO -   Searching r/loseit for 'wegovy' (2023-01-01 to 2023-12-31)
2025-12-01 19:05:37,394 - WARNING - coro-1 | ClientConnectionError: Retrying... Attempt 1/5
2025-12-01 19:05:37,395 - ERROR - Unexpected error during fetch: unhandled errors in a TaskGroup (1 sub-exception)
2025-12-01 19:05:37,395 - ERROR - Sub-exception: `auto-header` is used but ratelimit related header does not exist.
2025-12-01 19:05:37,395 - ERROR - Error collecting from r/loseit: `auto-header` is used but ratelimit related header does not exist.
2025-12-01 19:05:38,397 - INFO -   Searching r/loseit for 'rybelsus' (2023-01-01 to 2023-12-31)
2025-12-01 19:05:38,402 - WARNING - coro-1 | ClientConnectionError: Retrying... Attempt 1/5
2025-12-01 19:05:38,403 - ERROR - Unexpected error during fetch: unhandled errors in a TaskGroup (1 sub-exception)
2025-12-01 19:05:38,403 - ERROR - Sub-exception: `auto-header` is used but ratelimit related header does not exist.
2025-12-01 19:05:38,403 - ERROR - Error collecting from r/loseit: `auto-header` is used but ratelimit related header does not exist.
2025-12-01 19:05:39,405 - INFO - Year 2023 total: 37 unique posts
2025-12-01 19:05:39,405 - INFO - 
============================================================
2025-12-01 19:05:39,405 - INFO - YEAR: 2024
2025-12-01 19:05:39,405 - INFO - ============================================================
2025-12-01 19:05:39,405 - INFO -   Searching r/Ozempic for 'semaglutide' (2024-01-01 to 2024-12-31)
2025-12-01 19:05:40,641 - INFO - coro-2 | pool: 1975 | len: 100 | time: 1.20
2025-12-01 19:05:41,560 - INFO - coro-1 | pool: 1973 | len: 100 | time: 1.90
2025-12-01 19:05:42,243 - INFO - coro-1 | pool: 1977 | len: 99 | time: 0.65
2025-12-01 19:05:42,607 - INFO - coro-2 | pool: 1972 | len: 99 | time: 1.64
2025-12-01 19:05:42,965 - INFO - coro-1 | pool: 1976 | len: 98 | time: 0.68
2025-12-01 19:05:43,248 - INFO - coro-2 | pool: 1971 | len: 98 | time: 0.61
2025-12-01 19:05:43,656 - INFO - coro-1 | pool: 1970 | len: 97 | time: 0.57
2025-12-01 19:05:43,905 - INFO - coro-2 | pool: 1969 | len: 97 | time: 0.65
2025-12-01 19:05:44,573 - INFO - coro-2 | pool: 1968 | len: 96 | time: 0.63
2025-12-01 19:05:45,397 - INFO - coro-2 | pool: 1967 | len: 95 | time: 0.65
2025-12-01 19:05:45,487 - INFO - coro-1 | pool: 1974 | len: 96 | time: 1.14
2025-12-01 19:05:46,131 - INFO - coro-2 | pool: 1975 | len: 94 | time: 0.69
2025-12-01 19:05:46,278 - INFO - coro-1 | pool: 1966 | len: 95 | time: 0.69
2025-12-01 19:05:47,027 - INFO - coro-2 | pool: 1965 | len: 93 | time: 0.86
2025-12-01 19:05:47,326 - INFO - coro-1 | pool: 1964 | len: 94 | time: 1.04
2025-12-01 19:05:47,923 - ERROR - coro-3 | 422
{"data":null,"error":"Timeout. Maybe slow down a bit"}

2025-12-01 19:05:47,940 - INFO - coro-1 | pool: 1978 | len: 93 | time: 0.59
2025-12-01 19:05:49,441 - INFO - coro-3 | pool: 1962 | len: 100 | time: 1.50
2025-12-01 19:05:50,093 - INFO - coro-3 | pool: 1961 | len: 99 | time: 0.62
2025-12-01 19:05:50,124 - INFO - coro-1 | pool: 1960 | len: 92 | time: 1.64
2025-12-01 19:05:50,872 - INFO - coro-3 | pool: 1972 | len: 98 | time: 0.71
2025-12-01 19:05:51,015 - INFO - coro-1 | pool: 1959 | len: 91 | time: 0.76
2025-12-01 19:05:51,554 - INFO - coro-3 | pool: 1958 | len: 97 | time: 0.64
2025-12-01 19:05:51,663 - INFO - coro-1 | pool: 1957 | len: 90 | time: 0.62
2025-12-01 19:05:52,272 - INFO - coro-3 | pool: 1956 | len: 96 | time: 0.64
2025-12-01 19:05:52,349 - INFO - coro-1 | pool: 1955 | len: 89 | time: 0.65
2025-12-01 19:05:52,961 - INFO - coro-3 | pool: 1954 | len: 95 | time: 0.63
2025-12-01 19:05:53,094 - INFO - coro-1 | pool: 1953 | len: 88 | time: 0.74
2025-12-01 19:05:53,655 - INFO - coro-3 | pool: 1952 | len: 94 | time: 0.66
2025-12-01 19:05:53,699 - INFO - coro-1 | pool: 1951 | len: 87 | time: 0.57
2025-12-01 19:05:54,371 - INFO - coro-3 | pool: 1950 | len: 93 | time: 0.65
2025-12-01 19:05:54,410 - INFO - coro-1 | pool: 1949 | len: 86 | time: 0.70
2025-12-01 19:05:55,048 - INFO - coro-3 | pool: 1948 | len: 92 | time: 0.61
2025-12-01 19:05:55,188 - INFO - coro-1 | pool: 1947 | len: 85 | time: 0.66
2025-12-01 19:05:55,290 - ERROR - coro-2 | 422
{"data":null,"error":"Timeout. Maybe slow down a bit"}

2025-12-01 19:05:55,827 - INFO - coro-1 | pool: 1963 | len: 84 | time: 0.63
2025-12-01 19:05:55,904 - INFO - coro-2 | pool: 1944 | len: 92 | time: 0.58
2025-12-01 19:05:56,475 - INFO - coro-1 | pool: 1943 | len: 83 | time: 0.61
2025-12-01 19:05:56,548 - INFO - coro-2 | pool: 1942 | len: 91 | time: 0.64
2025-12-01 19:05:57,116 - INFO - coro-1 | pool: 1941 | len: 82 | time: 0.60
2025-12-01 19:05:57,288 - INFO - coro-2 | pool: 1940 | len: 90 | time: 0.61
2025-12-01 19:05:57,814 - INFO - coro-1 | pool: 1939 | len: 81 | time: 0.69
2025-12-01 19:05:57,931 - INFO - coro-2 | pool: 1938 | len: 89 | time: 0.60
2025-12-01 19:05:58,451 - INFO - coro-1 | pool: 1937 | len: 80 | time: 0.60
2025-12-01 19:05:58,451 - INFO - pool refilled!
2025-12-01 19:05:58,548 - INFO - coro-2 | pool: 1936 | len: 88 | time: 0.58
2025-12-01 19:05:59,087 - INFO - coro-1 | pool: 1935 | len: 79 | time: 0.60
2025-12-01 19:05:59,227 - INFO - coro-2 | pool: 1934 | len: 87 | time: 0.64
2025-12-01 19:05:59,722 - INFO - coro-1 | pool: 1933 | len: 78 | time: 0.60
2025-12-01 19:05:59,906 - INFO - coro-2 | pool: 1932 | len: 86 | time: 0.67
2025-12-01 19:06:00,434 - INFO - coro-1 | pool: 1931 | len: 77 | time: 0.71
2025-12-01 19:06:00,555 - INFO - coro-2 | pool: 1999 | len: 85 | time: 0.61
2025-12-01 19:06:01,061 - INFO - coro-1 | pool: 1998 | len: 76 | time: 0.59
2025-12-01 19:06:01,210 - INFO - coro-2 | pool: 1997 | len: 84 | time: 0.62
2025-12-01 19:06:01,655 - INFO - coro-1 | pool: 1996 | len: 75 | time: 0.54
2025-12-01 19:06:01,828 - INFO - coro-2 | pool: 1995 | len: 83 | time: 0.58
2025-12-01 19:06:02,361 - INFO - coro-1 | pool: 1994 | len: 74 | time: 0.67
2025-12-01 19:06:02,530 - INFO - coro-2 | pool: 1993 | len: 82 | time: 0.70
2025-12-01 19:06:03,053 - ERROR - coro-3 | 422
{"data":null,"error":"Timeout. Maybe slow down a bit"}

2025-12-01 19:06:03,665 - INFO - coro-2 | pool: 1945 | len: 81 | time: 1.10
2025-12-01 19:06:03,775 - INFO - coro-3 | pool: 1990 | len: 91 | time: 0.66
2025-12-01 19:06:04,235 - INFO - coro-2 | pool: 1989 | len: 80 | time: 0.53
2025-12-01 19:06:04,485 - INFO - coro-3 | pool: 1988 | len: 90 | time: 0.65
2025-12-01 19:06:04,977 - INFO - coro-2 | pool: 1987 | len: 79 | time: 0.74
2025-12-01 19:06:05,171 - INFO - coro-3 | pool: 1986 | len: 89 | time: 0.66
2025-12-01 19:06:05,678 - INFO - coro-2 | pool: 1985 | len: 78 | time: 0.69
2025-12-01 19:06:05,899 - INFO - coro-3 | pool: 1984 | len: 88 | time: 0.65
2025-12-01 19:06:06,335 - INFO - coro-2 | pool: 1983 | len: 77 | time: 0.62
2025-12-01 19:06:06,597 - INFO - coro-3 | pool: 1982 | len: 87 | time: 0.63
2025-12-01 19:06:07,049 - INFO - coro-2 | pool: 1981 | len: 76 | time: 0.68
2025-12-01 19:06:07,309 - INFO - coro-3 | pool: 1980 | len: 86 | time: 0.65
2025-12-01 19:06:07,777 - INFO - coro-2 | pool: 1979 | len: 75 | time: 0.72
2025-12-01 19:06:08,340 - INFO - coro-3 | pool: 1978 | len: 85 | time: 0.98
2025-12-01 19:06:09,018 - INFO - coro-3 | pool: 1977 | len: 84 | time: 0.61
2025-12-01 19:06:09,872 - INFO - coro-3 | pool: 1976 | len: 83 | time: 0.65
2025-12-01 19:06:10,503 - ERROR - coro-1 | 422
{"data":null,"error":"Timeout. Maybe slow down a bit"}

2025-12-01 19:06:10,667 - INFO - coro-3 | pool: 1991 | len: 82 | time: 0.62
2025-12-01 19:06:10,682 - INFO - coro-2 | pool: 1997 | len: 74 | time: 2.34
2025-12-01 19:06:11,857 - INFO - coro-2 | pool: 1998 | len: 73 | time: 0.90
2025-12-01 19:06:12,388 - INFO - coro-3 | pool: 1996 | len: 81 | time: 1.45
2025-12-01 19:06:12,491 - INFO - coro-2 | pool: 1995 | len: 72 | time: 0.63
2025-12-01 19:06:13,054 - INFO - coro-2 | pool: 1974 | len: 71 | time: 0.53
2025-12-01 19:06:13,384 - INFO - coro-3 | pool: 1973 | len: 80 | time: 0.96
2025-12-01 19:06:14,074 - INFO - coro-3 | pool: 1972 | len: 79 | time: 0.68
2025-12-01 19:06:14,714 - INFO - coro-3 | pool: 1971 | len: 78 | time: 0.58
2025-12-01 19:06:15,330 - INFO - coro-3 | pool: 1970 | len: 77 | time: 0.60
2025-12-01 19:06:15,948 - INFO - coro-2 | pool: 1969 | len: 70 | time: 2.59
2025-12-01 19:06:17,232 - INFO - coro-3 | pool: 1994 | len: 76 | time: 1.43
2025-12-01 19:06:17,254 - INFO - coro-2 | pool: 1993 | len: 69 | time: 1.30
2025-12-01 19:06:17,833 - INFO - coro-2 | pool: 1992 | len: 68 | time: 0.55
2025-12-01 19:06:17,903 - INFO - coro-3 | pool: 1968 | len: 75 | time: 0.64
2025-12-01 19:06:18,468 - ERROR - coro-1 | 422
{"data":null,"error":"Timeout. Maybe slow down a bit"}

2025-12-01 19:06:18,924 - INFO - coro-2 | pool: 1975 | len: 67 | time: 0.73
2025-12-01 19:06:19,053 - INFO - coro-1 | pool: 1991 | len: 73 | time: 0.56
2025-12-01 19:06:19,632 - INFO - coro-1 | pool: 1965 | len: 72 | time: 0.54
2025-12-01 19:06:19,830 - INFO - coro-2 | pool: 1964 | len: 66 | time: 0.90
2025-12-01 19:06:20,543 - INFO - coro-1 | pool: 1963 | len: 71 | time: 0.87
2025-12-01 19:06:21,572 - INFO - coro-1 | pool: 1962 | len: 70 | time: 1.02
2025-12-01 19:06:22,093 - INFO - coro-2 | pool: 1989 | len: 65 | time: 1.05
2025-12-01 19:06:22,227 - INFO - coro-1 | pool: 1990 | len: 69 | time: 0.60
2025-12-01 19:06:22,797 - INFO - coro-2 | pool: 1961 | len: 64 | time: 0.67
2025-12-01 19:06:22,979 - INFO - coro-1 | pool: 1960 | len: 68 | time: 0.65
2025-12-01 19:06:23,505 - INFO - coro-2 | pool: 1959 | len: 63 | time: 0.70
2025-12-01 19:06:24,027 - INFO - coro-1 | pool: 1958 | len: 67 | time: 0.76
2025-12-01 19:06:24,037 - INFO - coro-2 | pool: 1988 | len: 62 | time: 0.52
2025-12-01 19:06:24,576 - INFO - coro-2 | pool: 1957 | len: 61 | time: 0.51
2025-12-01 19:06:24,684 - INFO - coro-1 | pool: 1956 | len: 66 | time: 0.65
2025-12-01 19:06:25,279 - INFO - coro-1 | pool: 1955 | len: 65 | time: 0.56
2025-12-01 19:06:25,483 - INFO - coro-2 | pool: 1954 | len: 60 | time: 0.90
2025-12-01 19:06:25,941 - INFO - coro-1 | pool: 1987 | len: 64 | time: 0.63
2025-12-01 19:06:25,994 - ERROR - coro-3 | 422
{"data":null,"error":"Timeout. Maybe slow down a bit"}

2025-12-01 19:06:26,795 - INFO - coro-1 | pool: 1966 | len: 63 | time: 0.70
2025-12-01 19:06:27,310 - INFO - coro-2 | pool: 1985 | len: 59 | time: 1.69
2025-12-01 19:06:27,514 - INFO - coro-1 | pool: 1984 | len: 62 | time: 0.68
2025-12-01 19:06:28,223 - INFO - coro-2 | pool: 1952 | len: 58 | time: 0.91
2025-12-01 19:06:28,365 - INFO - coro-1 | pool: 1951 | len: 61 | time: 0.81
2025-12-01 19:06:33,989 - ERROR - coro-3 | 422
{"data":null,"error":"Timeout. Maybe slow down a bit"}

2025-12-01 19:06:33,993 - WARNING - coro-3 | ClientConnectionError: Retrying... Attempt 3/5
2025-12-01 19:06:33,994 - ERROR - Unexpected error during fetch: unhandled errors in a TaskGroup (1 sub-exception)
2025-12-01 19:06:33,994 - ERROR - Sub-exception: `auto-header` is used but ratelimit related header does not exist.
2025-12-01 19:06:33,994 - ERROR - Error collecting from r/Ozempic: `auto-header` is used but ratelimit related header does not exist.
2025-12-01 19:06:34,997 - INFO -   Searching r/Ozempic for 'ozempic' (2024-01-01 to 2024-12-31)
2025-12-01 19:06:35,006 - WARNING - coro-2 | ClientConnectionError: Retrying... Attempt 1/5
2025-12-01 19:06:35,006 - WARNING - coro-1 | ClientConnectionError: Retrying... Attempt 1/5
2025-12-01 19:06:35,006 - WARNING - coro-3 | ClientConnectionError: Retrying... Attempt 1/5
2025-12-01 19:06:35,007 - ERROR - Unexpected error during fetch: unhandled errors in a TaskGroup (3 sub-exceptions)
2025-12-01 19:06:35,007 - ERROR - Sub-exception: `auto-header` is used but ratelimit related header does not exist.
2025-12-01 19:06:35,007 - ERROR - Error collecting from r/Ozempic: `auto-header` is used but ratelimit related header does not exist.
2025-12-01 19:06:36,009 - INFO -   Searching r/Ozempic for 'wegovy' (2024-01-01 to 2024-12-31)
2025-12-01 19:06:36,018 - WARNING - coro-2 | ClientConnectionError: Retrying... Attempt 1/5
2025-12-01 19:06:36,019 - ERROR - Unexpected error during fetch: unhandled errors in a TaskGroup (1 sub-exception)
2025-12-01 19:06:36,019 - ERROR - Sub-exception: `auto-header` is used but ratelimit related header does not exist.
2025-12-01 19:06:36,019 - ERROR - Error collecting from r/Ozempic: `auto-header` is used but ratelimit related header does not exist.
2025-12-01 19:06:37,021 - INFO -   Searching r/Ozempic for 'rybelsus' (2024-01-01 to 2024-12-31)
2025-12-01 19:06:37,030 - WARNING - coro-3 | ClientConnectionError: Retrying... Attempt 1/5
2025-12-01 19:06:37,031 - WARNING - coro-1 | ClientConnectionError: Retrying... Attempt 1/5
2025-12-01 19:06:37,031 - ERROR - Unexpected error during fetch: unhandled errors in a TaskGroup (2 sub-exceptions)
2025-12-01 19:06:37,032 - ERROR - Sub-exception: `auto-header` is used but ratelimit related header does not exist.
2025-12-01 19:06:37,032 - ERROR - Error collecting from r/Ozempic: `auto-header` is used but ratelimit related header does not exist.
2025-12-01 19:06:38,034 - INFO -   Searching r/Semaglutide for 'semaglutide' (2024-01-01 to 2024-12-31)
2025-12-01 19:06:38,043 - WARNING - coro-1 | ClientConnectionError: Retrying... Attempt 1/5
2025-12-01 19:06:38,044 - ERROR - Unexpected error during fetch: unhandled errors in a TaskGroup (1 sub-exception)
2025-12-01 19:06:38,044 - ERROR - Sub-exception: `auto-header` is used but ratelimit related header does not exist.
2025-12-01 19:06:38,044 - ERROR - Error collecting from r/Semaglutide: `auto-header` is used but ratelimit related header does not exist.
2025-12-01 19:06:39,047 - INFO -   Searching r/Semaglutide for 'ozempic' (2024-01-01 to 2024-12-31)
2025-12-01 19:06:45,389 - INFO - coro-1 | pool: 1986 | len: 100 | time: 6.21
2025-12-01 19:06:47,093 - INFO - coro-1 | pool: 1982 | len: 99 | time: 1.37
2025-12-01 19:06:47,975 - INFO - coro-1 | pool: 1980 | len: 98 | time: 0.87
2025-12-01 19:06:48,701 - INFO - coro-1 | pool: 1947 | len: 97 | time: 0.55
2025-12-01 19:06:48,996 - ERROR - coro-3 | 422
{"data":null,"error":"Timeout. Maybe slow down a bit"}

2025-12-01 19:06:48,996 - ERROR - coro-2 | 422
{"data":null,"error":"Timeout. Maybe slow down a bit"}

2025-12-01 19:06:50,060 - INFO - coro-2 | pool: 1948 | len: 100 | time: 1.03
2025-12-01 19:06:50,767 - INFO - coro-3 | pool: 1946 | len: 100 | time: 1.77
2025-12-01 19:06:50,781 - INFO - coro-2 | pool: 1945 | len: 99 | time: 0.70
2025-12-01 19:06:51,433 - INFO - coro-2 | pool: 1944 | len: 98 | time: 0.61
2025-12-01 19:06:52,346 - INFO - coro-2 | pool: 1943 | len: 97 | time: 0.91
2025-12-01 19:06:53,389 - INFO - coro-2 | pool: 1976 | len: 96 | time: 0.60
2025-12-01 19:06:53,910 - INFO - coro-3 | pool: 1975 | len: 99 | time: 0.88
2025-12-01 19:06:54,436 - INFO - coro-2 | pool: 1977 | len: 95 | time: 0.79
2025-12-01 19:06:55,617 - INFO - coro-2 | pool: 1974 | len: 94 | time: 0.84
2025-12-01 19:06:56,530 - INFO - coro-2 | pool: 1972 | len: 93 | time: 0.58
2025-12-01 19:06:56,680 - ERROR - coro-1 | 422
{"data":null,"error":"Timeout. Maybe slow down a bit"}

2025-12-01 19:06:58,769 - INFO - coro-1 | pool: 1978 | len: 96 | time: 1.78
2025-12-01 19:06:58,770 - INFO - pool refilled!
2025-12-01 19:07:00,337 - INFO - coro-1 | pool: 1969 | len: 95 | time: 1.43
2025-12-01 19:07:01,919 - INFO - coro-1 | pool: 1999 | len: 94 | time: 1.21
2025-12-01 19:07:02,091 - INFO - coro-2 | pool: 1998 | len: 92 | time: 5.56
2025-12-01 19:07:03,170 - INFO - coro-3 | pool: 1970 | len: 98 | time: 7.91
2025-12-01 19:07:04,073 - INFO - coro-2 | pool: 1973 | len: 91 | time: 1.98
2025-12-01 19:07:04,397 - INFO - coro-3 | pool: 1996 | len: 97 | time: 0.84
2025-12-01 19:07:05,056 - INFO - coro-2 | pool: 1995 | len: 90 | time: 0.73
2025-12-01 19:07:05,841 - INFO - coro-2 | pool: 1994 | len: 89 | time: 0.60
2025-12-01 19:07:06,494 - INFO - coro-1 | pool: 1992 | len: 93 | time: 0.69
2025-12-01 19:07:07,024 - INFO - coro-2 | pool: 1997 | len: 88 | time: 0.84
2025-12-01 19:07:07,786 - INFO - coro-1 | pool: 1991 | len: 92 | time: 1.29
2025-12-01 19:07:07,881 - INFO - coro-2 | pool: 1990 | len: 87 | time: 0.81
2025-12-01 19:07:08,329 - INFO - coro-1 | pool: 1999 | len: 91 | time: 0.51
2025-12-01 19:07:08,959 - INFO - coro-1 | pool: 1998 | len: 90 | time: 0.59
2025-12-01 19:07:09,470 - INFO - coro-2 | pool: 1997 | len: 86 | time: 1.58
2025-12-01 19:07:09,894 - INFO - coro-1 | pool: 1989 | len: 89 | time: 0.89
2025-12-01 19:07:10,165 - INFO - coro-2 | pool: 1988 | len: 85 | time: 0.69
2025-12-01 19:07:11,591 - INFO - coro-2 | pool: 1996 | len: 84 | time: 0.82
2025-12-01 19:07:11,609 - INFO - coro-1 | pool: 1987 | len: 88 | time: 1.45
2025-12-01 19:07:11,903 - INFO - coro-3 | pool: 1986 | len: 96 | time: 1.15
2025-12-01 19:07:12,261 - INFO - coro-1 | pool: 1993 | len: 87 | time: 0.65
2025-12-01 19:07:12,618 - INFO - coro-3 | pool: 1995 | len: 95 | time: 0.67
2025-12-01 19:07:12,856 - INFO - coro-1 | pool: 1994 | len: 86 | time: 0.56
2025-12-01 19:07:12,925 - INFO - coro-2 | pool: 1993 | len: 83 | time: 1.33
2025-12-01 19:07:13,311 - INFO - coro-3 | pool: 1985 | len: 94 | time: 0.69
2025-12-01 19:07:13,464 - INFO - coro-1 | pool: 1992 | len: 85 | time: 0.60
2025-12-01 19:07:13,637 - INFO - coro-2 | pool: 1991 | len: 82 | time: 0.67
2025-12-01 19:07:13,925 - INFO - coro-3 | pool: 1990 | len: 93 | time: 0.58
2025-12-01 19:07:14,396 - INFO - coro-2 | pool: 1989 | len: 81 | time: 0.75
2025-12-01 19:07:14,883 - INFO - coro-3 | pool: 1988 | len: 92 | time: 0.86
2025-12-01 19:07:15,261 - INFO - coro-2 | pool: 1983 | len: 80 | time: 0.83
2025-12-01 19:07:15,932 - INFO - coro-2 | pool: 1987 | len: 79 | time: 0.67
2025-12-01 19:07:16,037 - INFO - coro-1 | pool: 1986 | len: 84 | time: 0.93
2025-12-01 19:07:16,551 - INFO - coro-2 | pool: 1984 | len: 78 | time: 0.58
2025-12-01 19:07:16,584 - INFO - coro-3 | pool: 1981 | len: 91 | time: 1.04
2025-12-01 19:07:17,260 - INFO - coro-1 | pool: 1982 | len: 83 | time: 0.94
2025-12-01 19:07:18,066 - INFO - coro-3 | pool: 1980 | len: 90 | time: 0.92
2025-12-01 19:07:18,403 - INFO - coro-1 | pool: 1978 | len: 82 | time: 1.00
2025-12-01 19:07:18,411 - INFO - coro-2 | pool: 1977 | len: 77 | time: 1.09
2025-12-01 19:07:18,669 - INFO - coro-3 | pool: 1979 | len: 89 | time: 0.57
2025-12-01 19:07:19,078 - INFO - coro-2 | pool: 1985 | len: 76 | time: 0.55
2025-12-01 19:07:19,244 - INFO - coro-1 | pool: 1984 | len: 81 | time: 0.56
2025-12-01 19:07:19,922 - INFO - coro-1 | pool: 1976 | len: 80 | time: 0.64
2025-12-01 19:07:20,442 - INFO - coro-2 | pool: 1983 | len: 75 | time: 0.55
2025-12-01 19:07:20,462 - INFO - coro-3 | pool: 1975 | len: 88 | time: 1.50
2025-12-01 19:07:20,909 - INFO - coro-1 | pool: 1974 | len: 79 | time: 0.81
2025-12-01 19:07:21,502 - INFO - coro-1 | pool: 1973 | len: 78 | time: 0.59
2025-12-01 19:07:21,605 - INFO - coro-3 | pool: 1982 | len: 87 | time: 0.86
2025-12-01 19:07:21,853 - INFO - coro-2 | pool: 1971 | len: 74 | time: 0.89
2025-12-01 19:07:22,745 - INFO - coro-1 | pool: 1972 | len: 77 | time: 0.73
2025-12-01 19:07:22,748 - INFO - coro-2 | pool: 1970 | len: 73 | time: 0.66
2025-12-01 19:07:23,044 - INFO - coro-3 | pool: 1968 | len: 86 | time: 0.72
2025-12-01 19:07:23,331 - INFO - coro-1 | pool: 1969 | len: 76 | time: 0.55
2025-12-01 19:07:23,651 - INFO - coro-2 | pool: 1981 | len: 72 | time: 0.85
2025-12-01 19:07:23,898 - INFO - coro-3 | pool: 1980 | len: 85 | time: 0.84
2025-12-01 19:07:23,921 - INFO - coro-1 | pool: 1979 | len: 75 | time: 0.54
2025-12-01 19:07:24,320 - INFO - coro-2 | pool: 1978 | len: 71 | time: 0.66
2025-12-01 19:07:24,649 - INFO - coro-1 | pool: 1977 | len: 74 | time: 0.69
2025-12-01 19:07:24,897 - INFO - coro-2 | pool: 1976 | len: 70 | time: 0.55
2025-12-01 19:07:25,526 - INFO - coro-2 | pool: 1975 | len: 69 | time: 0.60
2025-12-01 19:07:25,760 - INFO - coro-3 | pool: 1974 | len: 84 | time: 0.75
2025-12-01 19:07:26,419 - INFO - coro-2 | pool: 1967 | len: 68 | time: 0.89
2025-12-01 19:07:27,027 - INFO - coro-2 | pool: 1966 | len: 67 | time: 0.54
2025-12-01 19:07:27,104 - INFO - coro-3 | pool: 1973 | len: 83 | time: 1.20
2025-12-01 19:07:27,566 - INFO - coro-2 | pool: 1965 | len: 66 | time: 0.51
2025-12-01 19:07:27,992 - INFO - coro-3 | pool: 1964 | len: 82 | time: 0.66
2025-12-01 19:07:28,100 - INFO - coro-2 | pool: 1963 | len: 65 | time: 0.50
2025-12-01 19:07:28,517 - INFO - coro-1 | pool: 1972 | len: 73 | time: 3.10
2025-12-01 19:07:28,628 - INFO - coro-3 | pool: 1962 | len: 81 | time: 0.60
2025-12-01 19:07:28,714 - INFO - coro-2 | pool: 1971 | len: 64 | time: 0.57
2025-12-01 19:07:29,141 - INFO - coro-1 | pool: 1970 | len: 72 | time: 0.59
2025-12-01 19:07:29,373 - INFO - coro-2 | pool: 1969 | len: 63 | time: 0.62
2025-12-01 19:07:29,758 - INFO - coro-1 | pool: 1968 | len: 71 | time: 0.57
2025-12-01 19:07:29,823 - INFO - coro-3 | pool: 1967 | len: 80 | time: 0.79
2025-12-01 19:07:30,256 - INFO - coro-2 | pool: 1961 | len: 62 | time: 0.85
2025-12-01 19:07:30,612 - INFO - coro-3 | pool: 1966 | len: 79 | time: 0.78
2025-12-01 19:07:31,314 - INFO - coro-1 | pool: 1965 | len: 70 | time: 1.27
2025-12-01 19:07:31,454 - INFO - coro-2 | pool: 1960 | len: 61 | time: 0.87
2025-12-01 19:07:31,514 - INFO - coro-3 | pool: 1959 | len: 78 | time: 0.76
2025-12-01 19:07:32,189 - INFO - coro-2 | pool: 1958 | len: 60 | time: 0.73
2025-12-01 19:07:32,844 - INFO - coro-1 | pool: 1964 | len: 69 | time: 1.20
2025-12-01 19:07:32,857 - INFO - coro-2 | pool: 1956 | len: 59 | time: 0.52
2025-12-01 19:07:33,534 - INFO - coro-2 | pool: 1955 | len: 58 | time: 0.67
2025-12-01 19:07:33,561 - INFO - coro-1 | pool: 1963 | len: 68 | time: 0.68
2025-12-01 19:07:33,758 - INFO - coro-3 | pool: 1962 | len: 77 | time: 0.67
2025-12-01 19:07:34,139 - INFO - coro-1 | pool: 1957 | len: 67 | time: 0.54
2025-12-01 19:07:34,938 - INFO - coro-1 | pool: 1961 | len: 66 | time: 0.56
2025-12-01 19:07:35,544 - INFO - coro-1 | pool: 1953 | len: 65 | time: 0.57
2025-12-01 19:07:35,579 - INFO - coro-3 | pool: 1960 | len: 76 | time: 0.53
2025-12-01 19:07:36,133 - INFO - coro-3 | pool: 1954 | len: 75 | time: 0.55
2025-12-01 19:07:36,143 - WARNING - coro-3 | ClientConnectionError: Retrying... Attempt 1/5
2025-12-01 19:07:36,144 - ERROR - Unexpected error during fetch: unhandled errors in a TaskGroup (1 sub-exception)
2025-12-01 19:07:36,144 - ERROR - Sub-exception: `auto-header` is used but ratelimit related header does not exist.
2025-12-01 19:07:36,144 - ERROR - Error collecting from r/Semaglutide: `auto-header` is used but ratelimit related header does not exist.
2025-12-01 19:07:37,145 - INFO -   Searching r/Semaglutide for 'wegovy' (2024-01-01 to 2024-12-31)
2025-12-01 19:07:37,151 - WARNING - coro-1 | ClientConnectionError: Retrying... Attempt 1/5
2025-12-01 19:07:37,152 - ERROR - Unexpected error during fetch: unhandled errors in a TaskGroup (1 sub-exception)
2025-12-01 19:07:37,152 - ERROR - Sub-exception: `auto-header` is used but ratelimit related header does not exist.
2025-12-01 19:07:37,152 - ERROR - Error collecting from r/Semaglutide: `auto-header` is used but ratelimit related header does not exist.
2025-12-01 19:07:38,155 - INFO -   Searching r/Semaglutide for 'rybelsus' (2024-01-01 to 2024-12-31)
2025-12-01 19:07:38,161 - WARNING - coro-1 | ClientConnectionError: Retrying... Attempt 1/5
2025-12-01 19:07:38,161 - ERROR - Unexpected error during fetch: unhandled errors in a TaskGroup (1 sub-exception)
2025-12-01 19:07:38,162 - ERROR - Sub-exception: `auto-header` is used but ratelimit related header does not exist.
2025-12-01 19:07:38,162 - ERROR - Error collecting from r/Semaglutide: `auto-header` is used but ratelimit related header does not exist.
2025-12-01 19:07:39,164 - INFO -   Searching r/WeightLossAdvice for 'semaglutide' (2024-01-01 to 2024-12-31)
2025-12-01 19:07:39,170 - WARNING - coro-1 | ClientConnectionError: Retrying... Attempt 1/5
2025-12-01 19:07:39,170 - ERROR - Unexpected error during fetch: unhandled errors in a TaskGroup (1 sub-exception)
2025-12-01 19:07:39,171 - ERROR - Sub-exception: `auto-header` is used but ratelimit related header does not exist.
2025-12-01 19:07:39,171 - ERROR - Error collecting from r/WeightLossAdvice: `auto-header` is used but ratelimit related header does not exist.
2025-12-01 19:07:40,173 - INFO -   Searching r/WeightLossAdvice for 'ozempic' (2024-01-01 to 2024-12-31)
2025-12-01 19:07:40,182 - WARNING - coro-1 | ClientConnectionError: Retrying... Attempt 1/5
2025-12-01 19:07:40,183 - ERROR - Unexpected error during fetch: unhandled errors in a TaskGroup (1 sub-exception)
2025-12-01 19:07:40,183 - ERROR - Sub-exception: `auto-header` is used but ratelimit related header does not exist.
2025-12-01 19:07:40,183 - ERROR - Error collecting from r/WeightLossAdvice: `auto-header` is used but ratelimit related header does not exist.
2025-12-01 19:07:41,185 - INFO -   Searching r/WeightLossAdvice for 'wegovy' (2024-01-01 to 2024-12-31)
2025-12-01 19:07:46,433 - INFO - coro-3 | pool: 1959 | len: 52 | time: 5.21
2025-12-01 19:07:47,995 - INFO - coro-3 | pool: 1957 | len: 51 | time: 1.35
2025-12-01 19:07:48,864 - INFO - coro-2 | pool: 1950 | len: 65 | time: 7.68
2025-12-01 19:07:49,172 - INFO - coro-3 | pool: 1951 | len: 50 | time: 1.14
2025-12-01 19:07:50,537 - INFO - coro-3 | pool: 1955 | len: 49 | time: 1.36
2025-12-01 19:07:50,859 - INFO - coro-1 | pool: 1954 | len: 39 | time: 9.64
2025-12-01 19:07:51,358 - INFO - coro-2 | pool: 1956 | len: 64 | time: 2.35
2025-12-01 19:07:53,054 - INFO - coro-1 | pool: 1949 | len: 38 | time: 1.50
2025-12-01 19:07:53,440 - INFO - coro-2 | pool: 1948 | len: 63 | time: 1.79
2025-12-01 19:07:54,372 - INFO - coro-1 | pool: 1947 | len: 37 | time: 1.25
2025-12-01 19:07:55,920 - INFO - coro-1 | pool: 1952 | len: 36 | time: 1.24
2025-12-01 19:07:57,116 - INFO - coro-1 | pool: 1945 | len: 35 | time: 1.16
2025-12-01 19:07:58,516 - INFO - coro-1 | pool: 1951 | len: 34 | time: 1.36
2025-12-01 19:07:58,531 - ERROR - coro-3 | 422
{"data":null,"error":"Timeout. Maybe slow down a bit"}

2025-12-01 19:08:00,665 - INFO - coro-1 | pool: 1953 | len: 33 | time: 2.02
2025-12-01 19:08:00,666 - INFO - pool refilled!
2025-12-01 19:08:01,449 - ERROR - coro-2 | 422
{"data":null,"error":"Timeout. Maybe slow down a bit"}

2025-12-01 19:08:01,810 - INFO - coro-1 | pool: 1946 | len: 32 | time: 1.10
2025-12-01 19:08:04,022 - INFO - coro-1 | pool: 1999 | len: 31 | time: 2.21
2025-12-01 19:08:05,004 - INFO - coro-3 | pool: 1999 | len: 48 | time: 6.44
2025-12-01 19:08:05,761 - INFO - coro-2 | pool: 1949 | len: 62 | time: 4.29
2025-12-01 19:08:06,310 - INFO - coro-1 | pool: 1998 | len: 30 | time: 2.26
2025-12-01 19:08:06,994 - INFO - coro-3 | pool: 1997 | len: 47 | time: 1.95
2025-12-01 19:08:08,044 - INFO - coro-2 | pool: 1996 | len: 61 | time: 2.08
2025-12-01 19:08:08,375 - INFO - coro-1 | pool: 1998 | len: 29 | time: 2.05
2025-12-01 19:08:09,044 - INFO - coro-3 | pool: 1995 | len: 46 | time: 2.01
2025-12-01 19:08:09,796 - INFO - coro-2 | pool: 1994 | len: 60 | time: 1.72
2025-12-01 19:08:10,339 - INFO - coro-1 | pool: 1993 | len: 28 | time: 1.94
2025-12-01 19:08:11,054 - INFO - coro-3 | pool: 1992 | len: 45 | time: 1.98
2025-12-01 19:08:11,806 - INFO - coro-2 | pool: 1991 | len: 59 | time: 2.00
2025-12-01 19:08:12,297 - INFO - coro-1 | pool: 1990 | len: 27 | time: 1.95
2025-12-01 19:08:13,111 - INFO - coro-2 | pool: 1989 | len: 58 | time: 1.27
2025-12-01 19:08:14,320 - INFO - coro-2 | pool: 1987 | len: 57 | time: 1.17
2025-12-01 19:08:14,377 - INFO - coro-1 | pool: 1986 | len: 26 | time: 1.30
2025-12-01 19:08:16,364 - INFO - coro-2 | pool: 1997 | len: 56 | time: 1.22
2025-12-01 19:08:16,630 - INFO - coro-1 | pool: 1996 | len: 25 | time: 1.75
2025-12-01 19:08:17,847 - INFO - coro-1 | pool: 1995 | len: 24 | time: 1.21
2025-12-01 19:08:19,064 - ERROR - coro-3 | 422
{"data":null,"error":"Timeout. Maybe slow down a bit"}

2025-12-01 19:08:19,138 - INFO - coro-1 | pool: 1988 | len: 23 | time: 1.28
2025-12-01 19:08:20,716 - INFO - coro-3 | pool: 1984 | len: 44 | time: 1.23
2025-12-01 19:08:21,573 - INFO - coro-2 | pool: 1993 | len: 55 | time: 2.12
2025-12-01 19:08:22,843 - INFO - coro-2 | pool: 1994 | len: 54 | time: 1.13
2025-12-01 19:08:23,565 - INFO - coro-3 | pool: 1992 | len: 43 | time: 2.62
2025-12-01 19:08:24,456 - INFO - coro-2 | pool: 1991 | len: 53 | time: 1.31
2025-12-01 19:08:25,567 - INFO - coro-2 | pool: 1990 | len: 52 | time: 1.08
2025-12-01 19:08:26,256 - INFO - coro-3 | pool: 1988 | len: 42 | time: 1.21
2025-12-01 19:08:26,971 - INFO - coro-2 | pool: 1989 | len: 51 | time: 1.14
2025-12-01 19:08:27,234 - ERROR - coro-1 | 422
{"data":null,"error":"Timeout. Maybe slow down a bit"}

2025-12-01 19:08:27,759 - INFO - coro-3 | pool: 1983 | len: 41 | time: 1.50
2025-12-01 19:08:28,310 - INFO - coro-2 | pool: 1986 | len: 50 | time: 1.32
2025-12-01 19:08:29,869 - INFO - coro-2 | pool: 1985 | len: 49 | time: 1.42
